1,(ROOT (NP (: --)))
2,(ROOT (NP (: --)))
3,(ROOT (NP (# #)))
4,(ROOT (NP (: --)))
5,(ROOT (NP (# #)))
6,(ROOT (NP (: --)))
7,(ROOT (NP (# #)))
8,(ROOT (S (VP (VB play) (PP (IN with) (NP (NP (NN mommy) (POS 's)) (NN hand)))) (. .)))
9,(ROOT (FRAG (NP (DT no)) (. .)))
10,(ROOT (FRAG (DT no)))
11,(ROOT (FRAG (NP (NP (ADVP (RB nope)) (DT no)) (NP (DT no))) (. .)))
12,(ROOT (NP (# #)))
13,(ROOT (NP (NN yeah)))
14,(ROOT (NP (# #)))
15,(ROOT (NP (: --)))
16,(ROOT (SBARQ (WHNP (WP what)) (SQ (VBP do) (NP (PRP you)) (VP (VB want))) (. ?)))
17,(ROOT (FRAG (NP (DT this)) (. ?)))
18,(ROOT (NP (# #)))
19,(ROOT (NP (NN yeah) (. .)))
20,(ROOT (S (NP (DT that)) (VP (VBZ 's) (RB not) (ADVP (RB really)) (NP (DT a) (NN toy))) (. .)))
21,(ROOT (S (NP (DT that)) (VP (VBZ 's) (VP (NN mama) (S (NP (POS 's))))) (. .)))
22,(ROOT (NP (NP (NNS thanks)) (NP (NNP Zevy)) (. .)))
23,(ROOT (S (NP (PRP she)) (ADVP (RB always)) (VP (VBZ figures) (PRT (RP out)) (SBAR (WHADVP (WRB how)) (S (VP (TO to) (VP (VB open) (NP (NNS things))))))) (. .)))
24,(ROOT (NP (NN yeah) (. .)))
25,(ROOT (FRAG (NP (NN pen)) (. ?)))
26,(ROOT (NP (# #)))
27,(ROOT (NP (NN pen) (. .)))
28,(ROOT (FRAG (ADJP (JJ good)) (. !)))
29,(ROOT (NP (# #)))
30,(ROOT (NP (: --)))
31,(ROOT (NP (: --)))
32,(ROOT (SBARQ (WHNP (WP what)) (SQ (VBZ is) (ADJP (IN that))) (. ?)))
33,(ROOT (S (NP (PRP I)) (VP (VBP do) (RB n't) (VP (VB know))) (. .)))
34,(ROOT (NP (PRP$ your) (NNS stickers) (. .)))
35,(ROOT (S (VP (VBZ is) (ADVP (IN that)) (NP (NP (NNP Zevy) (POS 's)) (NNS stickers))) (. ?)))
36,(ROOT (INTJ (UH oh)))
37,(ROOT (NP (# #)))
38,(ROOT (S (NP (PRP I)) (VP (VBP 'm) (RB not) (VP (VBG opening) (NP (DT that)))) (. .)))
39,(ROOT (FRAG (NP (DT no)) (. .)))
40,(ROOT (S (NP (PRP you)) (VP (VBP want) (S (VP (TO to) (VP (VB go) (VP (VB play) (PP (IN with) (NP (DT some) (NNS toys)))))))) (. ?)))
41,(ROOT (NP (# #)))
42,(ROOT (FRAG (NP (NN yeah)) (. ?)))
43,(ROOT (NP (# #)))
44,(ROOT (NP (# #)))
45,(ROOT (NP (# #)))
46,(ROOT (FRAG (NP (RB yes) (CD ###)) (. .)))
47,(ROOT (SBARQ (WHNP (WP who)) (SQ (VBZ 's) (NP (NP (NN pen)) (SBAR (S (VP (VBZ is) (ADJP (IN that))))))) (. ?)))
48,(ROOT (NP (# #)))
49,(ROOT (S (VP (VB thank) (S (NP (CC +)) (NP (PRP you)))) (. .)))
50,(ROOT (NP (# #)))
51,(ROOT (FRAG (NP (NP (NNP Zevy) (POS 's)) (NN helmet)) (. ?)))
52,(ROOT (NP (# #)))
53,(ROOT (NP (NN hmmm) (. .)))
54,(ROOT (NP (NN yeah) (. .)))
55,(ROOT (S (NP (PRP you)) (VP (VBP say)) (: --)))
56,(ROOT (NP (NN shh) (. .)))
57,(ROOT (S (NP (PRP you)) (VP (VBP want) (NP (NP (DT some)) (PP (IN of) (NP (NP (NNP Zevy) (POS 's)) (NN cereal))))) (. ?)))
58,(ROOT (S (NP (PRP you)) (VP (VBP want) (S (NP (PRP him)) (VP (TO to) (VP (VB give) (NP (PRP you)) (NP (CD one) (NN piece)))))) (. ?)))
59,(ROOT (SQ (MD can) (NP (PRP she)) (VP (VB have) (NP (DT a) (NN piece))) (. ?)))
60,(ROOT (S (NP (PRP it)) (VP (VBZ has) (S (VP (TO to) (VP (VB have) (NP (NP (NN milk)) (PP (IN on) (NP (PRP it)))))))) (. .)))
61,(ROOT (S (NP (PRP she)) (VP (MD can) (VP (VB have) (NP (NN milk)) (ADVP (RB now))))))
62,(ROOT (X (CC but) (VP (VBP remember) (SBAR (WHADVP (WRB when)) (S (NP (PRP she)) (VP (VBD was) (NP (DT a) (NN baby)))))) (. ?)))
63,(ROOT (S (CC and) (NP (PRP she)) (VP (VBD was) (RB n't) (VP (VBG drinking) (NP (NN milk)))) (. ?)))
64,(ROOT (SQ (VBZ is) (NP (DT that)) (ADJP (JJ good)) (. ?)))
65,(ROOT (SQ (VBZ is) (NP (DT that)) (ADJP (JJ good)) (. ?)))
66,(ROOT (NP (NN yeah) (. .)))
67,(ROOT (NP (: --)))
68,(ROOT (FRAG (NP (NN oop) (NN ba)) (. !)))
69,(ROOT (FRAG (UH uh) (INTJ (UH oh)) (. !)))
70,(ROOT (NP (# #)))
71,(ROOT (SQ (VP (VB say) (NP (RBR more))) (. ?)))
72,(ROOT (SQ (MD can) (NP (PRP you)) (VP (VB tell) (NP (NNP Zevy)) (ADVP (RBR more))) (. ?)))
73,(ROOT (NP (# #)))
74,(ROOT (FRAG (WHNP (WDT what)) (. ?)))
75,(ROOT (NP (NNP Zevy)))
76,(ROOT (NP (NNP Zevy)))
77,(ROOT (NP (NN sweetie)))
78,(ROOT (S (NP (DT that)) (VP (VBZ 's)) (: --)))
79,(ROOT (FRAG (ADJP (JJ lovely)) (. .)))
80,(ROOT (NP (: --)))
81,(ROOT (NP (: --)))
82,(ROOT (NP (# #)))
83,(ROOT (NP (# #)))
84,(ROOT (FRAG (WHNP (WDT what)) (. ?)))
85,(ROOT (S (NP (PRP she)) (VP (VBD did)) (. ?)))
86,(ROOT (S (NP (PRP I)) (VP (VBD did) (RB n't) (VP (VB hear) (NP (PRP her)))) (. .)))
87,(ROOT (NP (# #)))
88,(ROOT (S (S (VP (VBD did) (SBAR (S (NP (PRP you)) (VP (VBP say) (NP (NNP Miriam))))))) (CC and) (S (NP (PRP she)) (VP (VBD repeated) (NP (PRP it)))) (. ?)))
89,(ROOT (NP (: --)))
90,(ROOT (NP (: --)))
91,(ROOT (NP (: --)))
92,(ROOT (NP (: --)))
93,(ROOT (NP (NN yeah)))
94,(ROOT (NP (: --)))
95,(ROOT (S (SBAR (WHADVP (WRB why)) (S (VP (VBP do) (RB n't)))) (NP (PRP we)) (VP (VBP go) (CC and) (VBP play) (PP (IN with) (NP (DT the) (JJ real) (NNS toys)))) (. ?)))
96,(ROOT (NP (: --)))
97,(ROOT (NP (: --)))
98,(ROOT (NP (: --)))
99,(ROOT (NP (# #)))
100,(ROOT (NP (: --)))
101,(ROOT (NP (: --)))
102,(ROOT (SBARQ (WHNP (WP what)) (SQ (VBP do) (NP (PRP you)) (VP (VB want))) (. ?)))
103,(ROOT (NP (# #)))
104,(ROOT (FRAG (NP (NN cereal)) (. ?)))
105,(ROOT (NP (# #)))
106,(ROOT (FRAG (DT no)))
107,(ROOT (FRAG (ADVP (RB here)) (. .)))
108,(ROOT (S (NP (PRP I)) (VP (MD 'll) (VP (VB give) (NP (PRP you)) (NP (PRP$ your) (JJ own) (NN cereal)))) (. .)))
109,(ROOT (S (NP (PRP you)) (VP (VBP want) (NP (PRP$ your) (JJ own))) (. ?)))
110,(ROOT (NP (: --)))
111,(ROOT (FRAG (ADVP (RB here)) (. .)))
112,(ROOT (SQ (VP (VB want) (NP (DT these))) (. ?)))
113,(ROOT (INTJ (UH oh)))
114,(ROOT (FRAG (NP (NNP Whooo)) (. !)))
115,(ROOT (NP (NN ok)))
116,(ROOT (INTJ (UH oh)))
117,(ROOT (FRAG (NP (NNP Shhh)) (. .)))
118,(ROOT (INTJ (UH oh) (. .)))
119,(ROOT (FRAG (X (IN that)) (VP (VBZ hurts)) (. .)))
120,(ROOT (INTJ (UH oh) (. .)))
121,(ROOT (NP (NN shh) (. .)))
122,(ROOT (FRAG (NP (NNP Shhh)) (. .)))
123,(ROOT (INTJ (UH oh) (. .)))
124,(ROOT (S (NP (PRP you)) (VP (VBP bump) (ADVP (RB ###))) (. ?)))
125,(ROOT (S (NP (PRP you)) (VP (VBP bump) (ADVP (RB ###))) (. ?)))
126,(ROOT (INTJ (UH oh)))
127,(ROOT (INTJ (UH oh)))
128,(ROOT (FRAG (SBAR (IN that) (S (VP (VBN hurt) (ADVP (RB badly))))) (. .)))
129,(ROOT (INTJ (UH oh)))
130,(ROOT (NP (: --)))
131,(ROOT (NP (: --)))
132,(ROOT (NP (: --)))
133,(ROOT (NP (: --)))
134,(ROOT (NP (NN yeah) (. .)))
135,(ROOT (NP (NN shh) (. .)))
136,(ROOT (FRAG (ADVP (RB Shh)) (. .)))
137,(ROOT (NP (NN shh) (. .)))
138,(ROOT (INTJ (UH oh)))
139,(ROOT (S (NP (PRP I)) (VP (VBP know)) (. .)))
140,(ROOT (FRAG (NP (RB yes))))
141,(ROOT (INTJ (UH oh)))
142,(ROOT (S (NP (PRP it)) (VP (VBD hurt)) (. .)))
143,(ROOT (INTJ (UH oh) (. .)))
144,(ROOT (FRAG (NP (NNP Shhh)) (. .)))
145,(ROOT (NP (: --)))
146,(ROOT (NP (NN yeah)))
147,(ROOT (S (NP (PRP you)) (ADJP (JJ okay)) (. ?)))
148,(ROOT (SQ (MD can) (NP (PRP I)) (VP (VB see) (NP (PRP$ your) (NN kappie))) (. ?)))
149,(ROOT (SQ (VBZ is) (NP (PRP$ your) (NN keppie)) (ADJP (JJ okay)) (. ?)))
150,(ROOT (NP (# #)))
151,(ROOT (INTJ (UH oh)))
152,(ROOT (FRAG (ADVP (RB right)) (. .)))
153,(ROOT (S (NP (DT that)) (VP (VBZ 's) (ADJP (RBR more) (JJ important))) (. .)))
154,(ROOT (NP (# #)))
155,(ROOT (S (VP (VB thank) (S (NP (CC +)) (NP (PRP you))))))
156,(ROOT (S (VP (VB thank) (S (NP (CC +)) (NP (PRP you)))) (. .)))
157,(ROOT (NP (# #)))
158,(ROOT (NP (NN shh) (. .)))
159,(ROOT (INTJ (UH oh)))
160,(ROOT (INTJ (UH oh)))
161,(ROOT (INTJ (UH oh)))
162,(ROOT (S (NP (PRP it)) (VP (VBZ hurts)) (. .)))
163,(ROOT (FRAG (NP (NNP Anielle)) (. !)))
164,(ROOT (S (NP (PRP it)) (VP (VBZ hurts)) (. .)))
165,(ROOT (FRAG (NP (NNP Shhh)) (. !)))
166,(ROOT (SBARQ (WHNP (WP what)) (SQ (VBP do) (NP (PRP you)) (VP (VB want))) (. ?)))
167,(ROOT (SBARQ (WHNP (WP what)) (SQ (VBP do) (NP (PRP you)) (VP (VB want))) (. ?)))
168,(ROOT (NP (# #)))
169,(ROOT (S (NP (PRP you)) (VP (VBP want) (NP (DT a) (NN something))) (. ?)))
170,(ROOT (S (NP (PRP you)) (VP (VBP want) (NP (NN something))) (. ?)))
171,(ROOT (S (NP (PRP you)) (VP (VBP want) (NP (DT a) (NN bottle))) (. ?)))
172,(ROOT (S (NP (PRP you)) (VP (VBP want) (NP (DT a) (NN bottle))) (. ?)))
173,(ROOT (NP (NN yeah)))
174,(ROOT (FRAG (ADJP (RB so) (JJ sorry)) (. .)))
175,(ROOT (NP (# #)))
176,(ROOT (NP (: --)))
177,(ROOT (NP (: --)))
178,(ROOT (FRAG (NP (RB yes))))
179,(ROOT (FRAG (NP (NNP Zevy)) (. .)))
180,(ROOT (INTJ (UH oh)))
181,(ROOT (S (NP (PRP she)) (VP (VBD hit) (NP (PRP$ her) (NN head))) (. .)))
182,(ROOT (S (NP (DT that)) (VP (VBZ 's) (FRAG (WHADVP (WRB why)))) (. .)))
183,(ROOT (NP (# #)))
184,(ROOT (FRAG (NP (NN daddy)) (. ?)))
185,(ROOT (NP (: --)))
186,(ROOT (NP (: --)))
187,(ROOT (ADVP (RB here)))
188,(ROOT (FRAG (NP (NNP Anielle)) (. .)))
189,(ROOT (PP (IN ###)))
190,(ROOT (NP (NNP Anielle)))
191,(ROOT (S (VP (VB go) (PP (TO to) (NP (NN mama)))) (. .)))
192,(ROOT (S (VP (VB bring) (NP (DT the) (NN bottle)) (PP (TO to) (NP (NN mama)))) (. .)))
193,(ROOT (S (VP (VB take) (NP (PRP it)))))
194,(ROOT (S (S (VP (VB bring) (NP (DT the) (NN bottle)) (PP (TO to) (NP (NN mama))))) (CC and) (S (NP (PRP I)) (VP (MD 'll) (VP (VB rock) (NP (PRP you))))) (. .)))
195,(ROOT (SQ (VP (VB want) (S (NP (PRP me)) (VP (TO to) (VP (VB rock) (NP (PRP you)))))) (. ?)))
196,(ROOT (NP (: --)))
197,(ROOT (S (NP (PRP you)) (VP (VBP want) (S (NP (PRP me)) (VP (TO to) (VP (VB rock) (NP (PRP you)))))) (. ?)))
198,(ROOT (NP (: --)))
199,(ROOT (NP (NN yeah) (. .)))
200,(ROOT (NP (: --)))
201,(ROOT (NP (: --)))
202,(ROOT (NP (: --)))
203,(ROOT (NP (: --)))
204,(ROOT (NP (: --)))
205,(ROOT (NP (: --)))
206,(ROOT (S (NP (PRP I)) (VP (VBP hate) (NP (DT those) (NNS chairs))) (. .)))
207,(ROOT (NP (NN yeah) (. .)))
208,(ROOT (S (NP (NNP Kappy)) (ADJP (JJ okay)) (. ?)))
209,(ROOT (NP (NN yeah)))
210,(ROOT (NP (# #)))
211,(ROOT (S (NP (PRP you)) (VP (VBD got) (NP (PRP$ your) (NN bottle))) (. ?)))
212,(ROOT (FRAG (NP (PRP$ your) (NN comfort)) (. ?)))
213,(ROOT (NP (NN yeah) (. .)))
214,(ROOT (S (NP (PRP we)) (VP (VBP do) (RB n't) (VP (VB have) (NP (NNS blankets))))))
215,(ROOT (FRAG (NP (NP (PRP$ your) (JJ kappy)) (ADJP (JJ okay))) (. ?)))
216,(ROOT (NP (DT a) (JJ little) (NN bump) (. ?)))
217,(ROOT (NP (NN yeah) (. .)))
218,(ROOT (S (NP (PRP you)) (VP (VBP want) (S (VP (TO to) (VP (VB make) (S (VP (VBG rocking))))))) (. ?)))
219,(ROOT (SQ (MD should) (NP (PRP I)) (VP (VB rock) (NP (PRP you))) (. ?)))
220,(ROOT (INTJ (UH oh) (. .)))
221,(ROOT (SQ (MD should) (NP (PRP I)) (VP (VB rock) (NP (PRP you))) (. ?)))
222,(ROOT (NP (: --)))
223,(ROOT (NP (: --)))
224,(ROOT (NP (: --)))
225,(ROOT (NP (: --)))
226,(ROOT (NP (: --)))
227,(ROOT (SQ (MD should) (NP (PRP we)) (VP (VB sell) (NP (DT the) (NN house))) (. ?)))
228,(ROOT (FRAG (ADVP (RB huh)) (. ?)))
229,(ROOT (S (VP (VBP are) (ADJP (NP (PRP you)) (JJ okay))) (. ?)))
230,(ROOT (S (NP (PRP you)) (VP (VBP want) (S (VP (TO to) (VP (VB go) (VP (VB play)))))) (. ?)))
231,(ROOT (SBARQ (WHADVP (WRB where)) (SQ (POS 's) (NP (NN daddy))) (. ?)))
232,(ROOT (S (VP (VBZ is) (ADVP (IN that)) (NP (PRP$ your) (NNP Johnny))) (. ?)))
233,(ROOT (SQ (VP (VB say) (INTJ (UH hi)) (PP (TO to) (NP (NNP Johnny)))) (. ?)))
234,(ROOT (SBARQ (WHNP (WP what)) (SQ (VBP are) (NP (PRP you)) (VP (VBG doing))) (. ?)))
235,(ROOT (SQ (VP (VB do) (SBAR (S (NP (PRP you)) (ADVP (RB just)) (VP (VBP want) (S (VP (TO to) (VP (VB lay) (ADVP (RB back))))))))) (. ?)))
236,(ROOT (S (VP (VBN lay) (PP (IN on) (NP (DT the) (NN kappy)))) (. ?)))
237,(ROOT (NP (# #)))
238,(ROOT (SBARQ (WHNP (WHNP (WP what)) (NP (PRP you))) (SQ (VP (VBG doing))) (. ?)))
239,(ROOT (NP (JJ funny) (NN girl) (. .)))
240,(ROOT (S (VP (VBP are) (S (NP (PRP you)) (NP (NP (FW mama) (POS 's)) (JJ funny) (NN girl)))) (. ?)))
241,(ROOT (NP (: --)))
242,(ROOT (NP (: --)))
243,(ROOT (S (NP (PRP it)) (VP (VBZ 's) (ADJP (JJ okay))) (. .)))
244,(ROOT (S (NP (PRP you)) (VP (VBP want) (S (VP (TO to) (VP (VB go) (VP (VB play) (PP (IN with) (NP (NNP Zevy)))))))) (. ?)))
245,(ROOT (FRAG (NP (NN yeah)) (. ?)))
246,(ROOT (S (NP (PRP you)) (VP (VBP want) (S (VP (TO to) (VP (VB go) (VP (VB play) (PP (IN with) (NP (NNP Zevy)))))))) (. ?)))
247,(ROOT (S (NP (PRP you)) (VP (VBP want) (S (VP (TO to) (VP (VB go) (VP (VB play)))))) (. ?)))
248,(ROOT (NP (: --)))
249,(ROOT (S (NP (NNP Anielle)) (VP (VBZ wants) (S (VP (TO to) (VP (VB go) (VP (VB play) (PP (IN with) (NP (NNP Zevy)))))))) (. .)))
250,(ROOT (NP (# #)))
251,(ROOT (NP (NNP Zevy)))
252,(ROOT (S (NP (PRP it)) (VP (MD will) (VP (VB be) (VP (VBN taken) (ADVP (RB away)) (SBAR (IN if) (S (NP (PRP it)) (VP (VBZ 's) (VP (VBN used) (PP (IN as) (NP (DT a) (NN weapon)))))))))) (. .)))
253,(ROOT (NP (NN ok)))
254,(ROOT (FRAG (SBAR (IN that) (S (VP (VBZ does) (RB n't) (VP (VB have) (NP (NP (DT the) (NNS batteries)) (PP (IN in) (NP (PRP it)))) (ADVP (RB anymore)))))) (. .)))
255,(ROOT (S (NP (PRP I)) (VP (VBP do) (RB n't) (VP (VB think))) (. .)))
256,(ROOT (SQ (VP (VB want) (S (VP (TO to) (VP (VB play) (PP (IN with) (NP (PRP$ your) (NN toy))))))) (. ?)))
257,(ROOT (SQ (MD should) (NP (PRP we)) (VP (VB turn) (NP (PRP it)) (PP (IN on))) (. ?)))
258,(ROOT (NP (NN yeah) (. !)))
259,(ROOT (S (NP (PRP you)) (VP (VBD found) (NP (DT the) (NN button))) (. .)))
260,(ROOT (FRAG (WHADVP (WRB where)) (VP (POS 's) (NP (DT the) (NN butter) (CC +) (NN fly)))))
261,(ROOT (FRAG (SBAR (WHADVP (WRB where)) (S (NP (POS 's)) (ADVP (DT the) (NN butter)) (VP (CC +) (VP (VB fly))))) (. ?)))
262,(ROOT (SQ (VP (VB do) (S (NP (PRP you)) (VP (VP (VB see) (NP (DT a) (NN butter))) (CC +) (VP (VB fly))))) (. ?)))
263,(ROOT (FRAG (PP (IN on) (NP (NN top))) (. ?)))
264,(ROOT (NP (# #)))
265,(ROOT (SQ (VP (VB do) (S (NP (PRP you)) (VP (VB see) (NP (CD one))))) (. ?)))
266,(ROOT (S (NP (PRP I)) (VP (VBP think) (SBAR (S (NP (PRP we)) (VP (VBD took) (NP (PRP them)) (PRT (RP out)))))) (. .)))
267,(ROOT (SQ (VP (VB do) (S (NP (PRP you)) (VP (VB know) (SBAR (WHADVP (WRB why)) (S (NP (PRP we)) (VP (VBD took) (NP (PRP them)) (PRT (RP out)))))))) (. ?)))
268,(ROOT (S (VP (VB cause) (SBAR (S (NP (EX there)) (VP (VBD was)))))))
269,(ROOT (S (NP (PRP it)) (ADVP (RB just)) (VP (VBD kept) (NP (NN playing) (CC and) (NN playing))) (. .)))
270,(ROOT (FRAG (PP (CC and) (NP (NN playing))) (. .)))
271,(ROOT (S (CC and) (NP (PRP it)) (VP (VBD gave) (NP (PRP us)) (NP (NP (DT a) (NN heart)) (: --) (NP (DT a) (NN headache)))) (. .)))
272,(ROOT (NP (NN ok) (. .)))
273,(ROOT (S (NP (PRP you)) (VP (MD can) (VP (VP (VB try) (NP (PRP it)) (ADVP (RB again))) (CC and) (VP (VB see) (SBAR (IN if) (S (NP (PRP it)) (VP (VBZ 's) (VP (VBN broken) (ADVP (RB still))))))))) (. .)))
274,(ROOT (FRAG (WHNP (WDT what)) (. ?)))
275,(ROOT (NP (# #)))
276,(ROOT (SQ (VBP are) (NP (PRP you)) (VP (VBG imitating) (NP (NP (DT a) (NN butter)) (CC +) (S (VP (VB fly))))) (. ?)))
277,(ROOT (NP (# #)))
278,(ROOT (NP (# #)))
279,(ROOT (NP (# #)))
280,(ROOT (FRAG (DT no)))
281,(ROOT (S (NP (NN channel) (CD Eleven)) (VP (VBZ is) (SBAR (WHNP (WP what)) (S (NP (PRP you)) (VP (VBP get) (S (VP (TO to) (VP (VB watch) (PP (IN in) (NP (DT the) (NN morning))))))))))))
282,(ROOT (INTJ (UH oh)))
283,(ROOT (S (NP (PRP you)) (VP (VBP know) (SBAR (S (NP (NNP Kaiu) (CC and) (NNP Zevy)) (VP (VBP are) (NP (DT the) (JJ same) (NN age)))))) (. ?)))
284,(ROOT (SQ (VP (VB go) (SBARQ (WHADVP (WRB where)))) (. ?)))
285,(ROOT (FRAG (PP (TO to) (NP (JJ real) (NN school))) (. ?)))
286,(ROOT (NP (NN hey)))
287,(ROOT (S (VP (VP (VBZ is) (NP (NP (NNP Kaiu)) (PP (IN in) (NP (JJ pre))))) (CC +) (VP (NN school))) (. ?)))
288,(ROOT (NP (# #)))
289,(ROOT (NP (# #)))
290,(ROOT (NP (# #)))
291,(ROOT (NP (JJ good) (NN girl) (. !)))
292,(ROOT (NP (JJ good) (NN girl) (. !)))
293,(ROOT (S (NP (PRP I)) (VP (MD ca) (RB n't) (VP (VB get) (NP (NP (DT this)) (VP (VBN rethreaded)))))))
294,(ROOT (NP (# #)))
295,(ROOT (NP (# #)))
296,(ROOT (FRAG (NP (NNP Zevy)) (. !)))
297,(ROOT (S (NP (DT this)) (VP (VBZ is) (NP (DT a) (NN pain)))))
298,(ROOT (NP (# #)))
299,(ROOT (S (NP (PRP I)) (VP (VBP do) (RB n't) (VP (VB think) (SBAR (S (NP (PRP I)) (VP (MD can) (VP (VB do) (NP (PRP it)) (ADVP (RB right) (RB now)))))))) (. .)))
300,(ROOT (SBARQ (WHNP (WP what)) (SQ (VBZ is) (ADJP (IN that))) (. ?)))
301,(ROOT (NP (# #)))
302,(ROOT (NP (NP (DT a) (NN butter)) (NP (CC +) (NN fly))))
303,(ROOT (NP (# #)))
304,(ROOT (NP (NP (NN butter)) (NP (CC +) (NN fly)) (. .)))
305,(ROOT (FRAG (ADJP (RB very) (JJ good)) (. !)))
306,(ROOT (NP (# #)))
307,(ROOT (NP (# #)))
308,(ROOT (NP (# #)))
309,(ROOT (NP (DT the) (NNS puppets) (. ?)))
310,(ROOT (NP (NN wow) (. !)))
311,(ROOT (S (VP (VBZ is) (ADVP (IN that) (NP (DT a) (NN kitty)))) (. ?)))
312,(ROOT (NP (# #)))
313,(ROOT (NP (NNP Zevy)))
314,(ROOT (NP (# #)))
315,(ROOT (NP (# #)))
316,(ROOT (FRAG (DT no)))
317,(ROOT (S (NP (PRP you)) (VP (MD can) (VP (VB do) (NP (PRP it)) (PP (IN in) (NP (DT the) (JJ other) (NN room))))) (. .)))
318,(ROOT (NP (: --)))
319,(ROOT (SBARQ (WHNP (WP what)) (SQ (VBZ is) (ADVP (IN that)) (VP (VBN supposed) (S (VP (TO to) (VP (VB be))))))))
320,(ROOT (NP (NP (DT the) (JJ blue)) (NP (CD one)) (. ?)))
321,(ROOT (NP (: --)))
322,(ROOT (SBARQ (WHADVP (DT that)) (SQ (VBZ 's) (VP (VBN supposed) (S (VP (TO to) (VP (VB be) (NP (DT a) (NN dinosaur))))))) (. ?)))
323,(ROOT (NP (: --)))
324,(ROOT (NP (: --)))
325,(ROOT (NP (: --)))
326,(ROOT (NP (: --)))
327,(ROOT (NP (NN ok) (. .)))
328,(ROOT (NP (: --)))
329,(ROOT (NP (: --)))
330,(ROOT (NP (: --)))
331,(ROOT (NP (: --)))
332,(ROOT (NP (: --)))
333,(ROOT (NP (: --)))
334,(ROOT (NP (# #)))
335,(ROOT (NP (: --)))
336,(ROOT (NP (# #)))
337,(ROOT (S (VP (VB make) (ADJP (JJ nice)))))
338,(ROOT (S (VP (VB make) (ADJP (JJ nice))) (. .)))
339,(ROOT (NP (: --)))
340,(ROOT (NP (: --)))
341,(ROOT (NP (# #)))
342,(ROOT (S (S (VP (VB cause) (NP (NP (CD one)) (PP (IN of) (NP (PRP them)))))) (VP (VBZ has) (S (VP (TO to) (VP (VB leave) (ADVP (RB now)))))) (. .)))
343,(ROOT (S (NP (PRP we)) (VP (VBP 're) (RB not) (VP (VBG getting) (SBAR (S (NP (DT the) (NNP Toyota)) (VP (VBD started)))))) (. .)))
344,(ROOT (S (NP (DT the) (NNP Toyota)) (VP (VBZ is) (PP (IN in) (NP (DT the) (CD ###)))) (. .)))
345,(ROOT (FRAG (NP (DT the) (NNP Toyota)) (. ?)))
346,(ROOT (NP (DT the) (JJ red) (NN car) (. ?)))
347,(ROOT (S (NP (DT that)) (VP (VBZ 's) (NP (NP (DT the) (NN car)) (SBAR (S (NP (PRP we)) (VP (VBP are) (VP (VBG selling))))))) (. .)))
348,(ROOT (NP (# #)))
349,(ROOT (FRAG (NP (DT no)) (. .)))
350,(ROOT (NP (NP (NP (NN cause)) (SBAR (S (NP (PRP we)) (VP (VBP do) (RB n't))))) (: --)))
351,(ROOT (S (NP (PRP you)) (VP (VBP 're) (ADJP (RB right))) (. .)))
352,(ROOT (FRAG (NP (DT no)) (. .)))
353,(ROOT (PP (IN on) (NP (DT the) (NNP Mazda))))
354,(ROOT (S (NP (DT the) (NNP Toyota)) (NP (PRP we)) (VP (VBP do) (RB n't) (VP (VB like))) (. .)))
355,(ROOT (FRAG (NP (NNP Larry)) (. .)))
356,(ROOT (S (NP (PRP he)) (VP (VBZ does) (RB n't) (VP (VB like) (NP (DT the) (NN car)) (ADVP (RB anyway)))) (. .)))
357,(ROOT (S (NP (PRP it)) (VP (VBZ 's) (ADJP (RB too) (JJ low)) (ADVP (IN down) (PP (TO to) (NP (DT the) (NN ground))))) (. .)))
358,(ROOT (NP (: --)))
359,(ROOT (NP (# #)))
360,(ROOT (NP (# #)))
361,(ROOT (FRAG (NP (NN baby)) (. ?)))
362,(ROOT (S (NP (PRP you)) (VP (VBD saw) (NP (DT a) (NN baby))) (. ?)))
363,(ROOT (S (VP (VBZ is) (ADVP (IN that) (NP (DT the) (NN baby)))) (. ?)))
364,(ROOT (SBARQ (WHADVP (WRB where)) (SQ (VBD was) (NP (DT the) (NN baby))) (. ?)))
365,(ROOT (NP (# #)))
366,(ROOT (NP (# #)))
367,(ROOT (NP (NN nose) (. !)))
368,(ROOT (SBARQ (WHADVP (WRB where)) (SQ (POS 's) (NP (NP (NNP Anielle) (POS 's)) (NN nose))) (. ?)))
369,(ROOT (NP (NN yeah) (. !)))
370,(ROOT (NP (JJ good) (NN girl) (. .)))
371,(ROOT (SQ (MD can) (NP (PRP you)) (VP (VB say) (NP (JJ good) (NN girl))) (. ?)))
372,(ROOT (S (VP (VBD showed) (NP (PRP$ her) (NN nose))) (. .)))
373,(ROOT (SBARQ (WHADVP (WRB where)) (SQ (POS 's) (NP (NP (NNP Sam) (POS 's)) (NN nose))) (. ?)))
374,(ROOT (FRAG (NP (NNP Anielle)) (. ?)))
375,(ROOT (SQ (VP (VB do) (S (NP (PRP you)) (VP (VB know)))) (. ?)))
376,(ROOT (SBARQ (WHADVP (WRB where)) (SQ (POS 's) (NP (NP (NNP Zevy) (POS 's)) (NN nose))) (. ?)))
377,(ROOT (NP (NN whoa) (. .)))
378,(ROOT (SQ (VBP are) (NP (PRP you)) (VP (VBG going) (S (VP (TO to) (VP (VB fall) (ADVP (RB again)))))) (. ?)))
379,(ROOT (S (NP (PRP we)) (VP (MD 'll) (VP (VB have) (NP (NP (CD twelve)) (SBAR (S (VP (VBZ falls) (PP (IN on) (NP (NP (NN tape)) (PP (IN in) (NP (CD one) (NN day))))))))))) (. !)))
380,(ROOT (S (NP (DT this)) (VP (VBZ is) (ADJP (RB very) (JJ frustrating))) (. .)))
381,(ROOT (S (VP (VB tell) (NP (PRP her) (DT no))) (. !)))
382,(ROOT (NP (NP (DT no)) (VP (VBG biting)) (. !)))
383,(ROOT (S (VP (VB say) (NP (DT no)))))
384,(ROOT (FRAG (S (NP (PRP you)) (ADVP (RB just)) (VP (VBP have) (S (VP (TO to) (VP (VB tell) (NP (PRP$ her)))))))))
385,(ROOT (FRAG (SBAR (IN like) (S (NP (PRP I)) (VP (VBD said) (PP (TO to) (NP (PRP you)))))) (. .)))
386,(ROOT (S (NP (PRP you)) (VP (VBP tell) (S (NP (PRP$ her)) (NP (DT no)))) (. .)))
387,(ROOT (S (NP (PRP you)) (VP (VBP sound) (ADJP (RB very) (JJ serious))) (. .)))
388,(ROOT (S (CC and) (VP (VB say) (NP (NP (DT no)) (SBAR (WHADVP (WRB when)) (S (NP (PRP she)) (VP (VBZ bites) (NP (PRP you))))))) (. .)))
389,(ROOT (NP (# #)))
390,(ROOT (NP (NN yeah)))
391,(ROOT (S (NP (PRP I)) (VP (VBD did) (NP (PRP it)))))
392,(ROOT (NP (NNP Zevy)))
393,(ROOT (NP (NP (NNP Hoorah)) (PP (IN for) (NP (NN mama))) (. !)))
394,(ROOT (NP (NP (NNP Hoorah)) (PP (IN for) (NP (NN mama))) (. !)))
395,(ROOT (S (NP (NP (NN someone)) (PP (IN in) (NP (DT the) (NNS stands)))) (VP (VBZ is) (VP (VBG yelling) (NP (NP (NNP Hurrah)) (PP (IN for) (NP (NN mama)))))) (. !)))
396,(ROOT (NP (NP (NP (ADJP (RB ah) (RB ah))) (NP (NNP Anielle))) (. !)))
397,(ROOT (NP (NP (DT no)) (VP (VBG biting)) (. !)))
398,(ROOT (FRAG (NP (DT no)) (. !)))
399,(ROOT (S (NP (PRP you)) (VP (VBP make) (ADJP (JJ nice))) (. !)))
400,(ROOT (NP (NP (DT no)) (VP (VBG biting)) (. .)))
401,(ROOT (NP (# #)))
402,(ROOT (S (NP (DT that)) (VP (VBZ 's) (NP (NP (NNP Zevy) (POS 's)) (NN violin))) (. .)))
403,(ROOT (ADVP (RB here)))
404,(ROOT (FRAG (ADVP (RB here)) (. .)))
405,(ROOT (ADVP (RB here)))
406,(ROOT (S (NP (DT that)) (VP (VBZ 's) (NP (NP (NNP Zevy) (POS 's)) (NN toy))) (. .)))
407,(ROOT (NP (: --)))
408,(ROOT (NP (# #)))
409,(ROOT (NP (NN car)))
410,(ROOT (NP (# #)))
411,(ROOT (SQ (VP (VB want) (S (VP (TO to) (VP (VB take) (NP (PRP$ your) (NNS toys)) (PRT (RP off)))))) (. ?)))
412,(ROOT (S (VP (VB take) (NP (DT the) (NNS rings)) (PRT (RP off))) (. .)))
413,(ROOT (SQ (VP (VB take) (NP (DT the) (NNS rings)) (PRT (RP off))) (. ?)))
414,(ROOT (SQ (MD can) (NP (PRP you)) (VP (VB take) (NP (DT these)) (PRT (RP off))) (. ?)))
415,(ROOT (S (NP (PRP you)) (VP (VBP want) (S (VP (TO to) (VP (VB put) (NP (PRP them)) (PP (IN on)))))) (. ?)))
416,(ROOT (FRAG (ADVP (RB here)) (. .)))
417,(ROOT (S (VP (VB put) (NP (PRP them)) (PP (IN on))) (. .)))
418,(ROOT (S (NP (DT that)) (VP (VBZ 's) (NP (DT the) (CD one)))))
419,(ROOT (FRAG (SBAR (WHADVP (WRB why)) (S (VP (VBZ is) (RB n't) (NP (PRP it)) (S (NP (VBG ringing)))))) (. ?)))
420,(ROOT (S (NP (PRP it)) (ADVP (RB usually)) (VP (VBZ makes) (NP (DT a) (NN noise))) (. .)))
421,(ROOT (NP (: --)))
422,(ROOT (NP (: --)))
423,(ROOT (ADVP (RB here)))
424,(ROOT (NP (NN ok)))
425,(ROOT (NP (: --)))
426,(ROOT (S (VP (VB put) (NP (DT the) (JJ red) (NN one)) (PP (IN on) (NP (JJ first)))) (. .)))
427,(ROOT (ADVP (RB here)))
428,(ROOT (S (VP (VB give) (NP (PRP her))) (. .)))
429,(ROOT (S (VP (VB let) (S (NP (PRP her)) (VP (VB do) (NP (PRP it)))))))
430,(ROOT (S (VP (VB let) (S (NP (PRP her)) (VP (VB do) (NP (PRP it)))))))
431,(ROOT (S (NP (PRP she)) (VP (MD 'll) (VP (VB figure) (NP (PRP it)) (PRT (RP out)))) (. .)))
432,(ROOT (VP (VBN come) (ADVP (RB here))))
433,(ROOT (FRAG (ADVP (RB here)) (. .)))
434,(ROOT (S (ADVP (RB now)) (NP (PRP you)) (VP (VBP do) (NP (PRP it))) (. .)))
435,(ROOT (NP (NN yay) (. !)))
436,(ROOT (NP (# #)))
437,(ROOT (FRAG (ADVP (RB here)) (. .)))
438,(ROOT (FRAG (ADVP (RB here)) (. .)))
439,(ROOT (NP (NP (JJ last)) (NP (CD one)) (. .)))
440,(ROOT (S (NP (PRP you)) (VP (VBP want) (S (VP (TO to) (VP (VB put) (NP (DT the) (JJ green) (CD one)))))) (. ?)))
441,(ROOT (INTJ (UH oh)))
442,(ROOT (NP (: --)))
443,(ROOT (SQ (VBP are) (NP (PRP you)) (VP (VBG dancing)) (. ?)))
444,(ROOT (NP (# #)))
445,(ROOT (FRAG (NP (NN dance)) (. ?)))
446,(ROOT (S (NP (PRP you)) (VP (VBP do) (RB n't) (VP (VB have) (S (VP (TO to) (VP (VB pay) (NP (NN attention)) (PP (TO to) (NP (PRP her)))))))) (. .)))
447,(ROOT (S (NP (PRP you)) (VP (MD can) (ADVP (RB just)) (VP (VB do))) (. .)))
448,(ROOT (S (NP (PRP you)) (VP (VBP 're) (NP (DT a) (NN camera) (NN hog))) (. .)))
449,(ROOT (NP (: --)))
450,(ROOT (FRAG (NP (NN dance)) (. ?)))
451,(ROOT (S (NP (PRP you)) (VP (VBP know) (SBAR (WHNP (WHADJP (WRB how) (JJ many)) (NNS pictures)) (S (NP (PRP I)) (VP (VBP have) (VP (PP (IN of) (NP (PRP you)))))))) (. ?)))
452,(ROOT (NP (NNS millions) (. !)))
453,(ROOT (FRAG (NP (RB yes)) (. !)))
454,(ROOT (FRAG (NP (RB yes))))
455,(ROOT (FRAG (NP (RB yes))))
456,(ROOT (NP (# #)))
457,(ROOT (FRAG (NP (NNP Anielle)) (. ?)))
458,(ROOT (SQ (VP (VB say) (NP (NN pail))) (. ?)))
459,(ROOT (S (VP (VB give) (NP (PRP me)) (NP (DT a) (NN morning) (NN kiss))) (. .)))
460,(ROOT (S (VP (VB give) (NP (PRP me)) (NP (DT a) (NN morning) (NN kiss))) (. !)))
461,(ROOT (S (VP (VB thank) (S (NP (CC +)) (NP (PRP you)))) (. .)))
462,(ROOT (NP (# #)))
463,(ROOT (NP (# #)))
464,(ROOT (NP (NN Oopa) (. !)))
465,(ROOT (S (NP (PRP you)) (VP (VBP want) (S (VP (TO to) (VP (VB watch) (NP (NNP Sagwa)))))) (. ?)))
466,(ROOT (FRAG (ADVP (RB shh)) (. !)))
467,(ROOT (NP (# #)))
468,(ROOT (INTJ (UH oh)))
469,(ROOT (NP (: --)))
470,(ROOT (NP (# #)))
471,(ROOT (NP (NNP Zevy)))
472,(ROOT (NP (NN honey)))
473,(ROOT (NP (# #)))
474,(ROOT (NP (: --)))
475,(ROOT (S (NP (PRP he)) (VP (VBZ 's) (ADJP (RB so) (JJ concerned) (PP (IN about) (NP (PRP you))))) (. .)))
476,(ROOT (SBARQ (WHADVP (WRB where)) (SQ (POS 's) (NP (DT the) (NN cat))) (. ?)))
477,(ROOT (SQ (VP (VB do) (S (NP (PRP you)) (VP (VB see) (NP (DT the) (NN bird))))) (. ?)))
478,(ROOT (NP (# #)))
479,(ROOT (FRAG (NP (NN hey)) (NP (NNP Zevy)) (. ?)))
480,(ROOT (SQ (VP (VB do) (SBAR (S (NP (PRP you)) (VP (VBP want) (S (VP (TO to) (VP (VB put) (PRT (RP on)) (NP (NP (NNP Baby_Mozart)) (PP (IN for) (NP (PRP$ her))))))))))) (. ?)))
481,(ROOT (FRAG (NP (NNP Zevy)) (. ?)))
482,(ROOT (SQ (VP (VB do) (SBAR (S (NP (PRP you)) (VP (VBP want) (S (VP (TO to) (VP (VB put) (PRT (RP on)) (NP (NP (NN Baby_Mozart)) (CC or) (NP (NP (NNP Baby) (NNP Einstein)) (PP (IN for) (NP (PRP$ her)))))))))))) (. ?)))
483,(ROOT (INTJ (UH oh) (. !)))
484,(ROOT (NP (NNS oops) (. !)))
485,(ROOT (SBARQ (WHNP (WP what)) (SQ (VBD was) (ADVP (IN in)) (NP (EX there))) (. ?)))
486,(ROOT (NP (NNS toys) (. ?)))
487,(ROOT (S (VP (VBZ is) (ADVP (IN that) (NP (DT a) (NN turtle)))) (. ?)))
488,(ROOT (NP (# #)))
489,(ROOT (NP (NN turtle)))
490,(ROOT (FRAG (VP (VBZ is) (RB n't) (PP (IN that) (NP (NP (DT a)) (: --))))))
491,(ROOT (INTJ (UH oh)))
492,(ROOT (S (NP (PRP we)) (VP (VBP 're) (VP (VBG calling) (NP (NN everything) (NNS turtles)) (NP-TMP (NN today)))) (. !)))
493,(ROOT (S (NP (DT this)) (VP (VBZ is) (NP (DT a) (NN lady) (CC +) (NN bug))) (. !)))
494,(ROOT (NP (# #)))
495,(ROOT (ADVP (RB here)))
496,(ROOT (FRAG (RB not) (ADJP (NN turtle)) (. .)))
497,(ROOT (S (VP (VB say) (NP (NP (NN lady)) (CC +) (NP (NN bug)))) (. .)))
498,(ROOT (NP (NP (NN lady)) (NP (CC +) (NN bug)) (. .)))
499,(ROOT (S (VP (VBP do) (RB n't) (VP (VB worry) (PP (IN about) (NP (PRP it))))) (. .)))
500,(ROOT (SBARQ (WHNP (WP what)) (SQ (NP (PRP you)) (VP (VBD got))) (. ?)))
501,(ROOT (NP (NN wow) (. !)))
502,(ROOT (SBARQ (WHADVP (WRB why)) (SQ (VP (VP (VBP do) (RB n't)) (SBAR (S (NP (PRP you)) (VP (VBP put) (PP (IN on) (NP (NP (NN Baby_Mozart)) (PP (IN for) (NP (PRP$ her))))))))))))
503,(ROOT (NP (# #)))
504,(ROOT (FRAG (NP (NNP Anielle)) (. ?)))
505,(ROOT (FRAG (DT no)))
506,(ROOT (FRAG (RB not) (PP (IN in) (NP (PRP$ your) (NN mouth))) (. .)))
507,(ROOT (NP (NNP Zevy)))
508,(ROOT (S (VP (VBN come) (ADVP (RB here))) (. .)))
509,(ROOT (S (NP (PRP it)) (VP (VBZ 's) (ADJP (JJ okay))) (. .)))
510,(ROOT (INTJ (UH oh) (. !)))
511,(ROOT (S (VP (VBN come) (ADVP (RB here))) (. .)))
512,(ROOT (S (VP (VBN come) (S (VP (TO to) (VP (VB mama))))) (. .)))
513,(ROOT (NP (NNP Anielle)))
514,(ROOT (NP (FW kaboom) (. !)))
515,(ROOT (INTJ (UH oh) (. !)))
516,(ROOT (SBARQ (WHNP (WP what)) (SQ (VP (VBZ 's) (ADJP (JJ wrong)))) (. ?)))
517,(ROOT (SQ (VBP are) (NP (PRP you)) (VP (VBN frustrated)) (. ?)))
518,(ROOT (FRAG (NP (NN yeah)) (. ?)))
519,(ROOT (S (VP (VBN frustrated)) (. ?)))
520,(ROOT (SQ (VP (VB want) (S (VP (TO to) (VP (VB go) (VP (VB get) (NP (DT the) (NN lady) (CC +) (NN bug))))))) (. ?)))
521,(ROOT (S (VP (VB put) (NP (PRP it)) (PP (IN on) (NP (DT the)))) (: --)))
522,(ROOT (FRAG (NP (NN toy)) (. ?)))
523,(ROOT (FRAG (NP (NNP Anielle)) (. ?)))
524,(ROOT (NP (NN shh) (. .)))
525,(ROOT (S (NP (PRP I)) (VP (VBP want) (S (VP (TO to) (VP (VB ask) (NP (NNP Anielle) (DT a) (NN question)))))) (. .)))
526,(ROOT (SQ (VP (VB do) (S (NP (PRP you)) (VP (VB know) (SBAR (WHADVP (WRB where)) (S (NP (NN Big_Bird)) (VP (VBZ is))))))) (. ?)))
527,(ROOT (NP (# #)))
528,(ROOT (SBARQ (WHADVP (WRB where)) (SQ (POS 's) (NP (NNP Big_Bird))) (. ?)))
529,(ROOT (NP (# #)))
530,(ROOT (S (NP (PRP he)) (VP (VBZ 's) (RB not) (PP (IN on) (NP (NN tv))) (ADVP (RB now))) (. .)))
531,(ROOT (SQ (VP (VB want) (S (VP (TO to) (VP (VB go) (VP (VB get) (NP (NP (DT the) (NN toy)) (PP (IN for) (NP (NNP Big_Bird))))))))) (. ?)))
532,(ROOT (NP (# #)))
533,(ROOT (NP (NN kitty) (. .)))
534,(ROOT (SQ (VP (VB do) (SBAR (S (NP (PRP you)) (VP (VBP want) (S (VP (TO to) (VP (VB get) (NP (DT the) (NN toy) (NN Big_Bird))))))))) (. ?)))
535,(ROOT (SQ (VP (VB do) (SBAR (S (NP (PRP you)) (VP (VBP want) (S (VP (TO to) (VP (VB go) (CC and) (VB get) (NP (DT those) (JJ little) (NN statue) (NNS toys)) (SBAR (IN that) (S (NP (PRP she)) (VP (VBZ likes))))))))))) (. ?)))
536,(ROOT (FRAG (NP (DT the) (JJ little) (NNP Sesame) (NNP Street)) (NP (NNS characters)) (. ?)))
537,(ROOT (NP (# #)))
538,(ROOT (S (VP (VBG showing) (NP (NNP Johnny))) (. .)))
539,(ROOT (S (VP (VBZ is) (ADVP (IN that)) (NP (PRP$ your) (NNP Johnny))) (. ?)))
540,(ROOT (NP (# #)))
541,(ROOT (NP (# #)))
542,(ROOT (NP (: --)))
543,(ROOT (NP (: --)))
544,(ROOT (NP (: --)))
545,(ROOT (NP (: --)))
546,(ROOT (NP (# #)))
547,(ROOT (NP (# #)))
548,(ROOT (NP (# #)))
549,(ROOT (NP (# #)))
550,(ROOT (SBARQ (WHADVP (WRB where)) (SQ (POS 's) (NP (NNP Big_Bird))) (. ?)))
551,(ROOT (SQ (VBD did) (NP (PRP you)) (VP (VB find) (NP (NNP Big_Bird))) (. ?)))
552,(ROOT (NP (# #)))
553,(ROOT (SBARQ (WHNP (WP who)) (SQ (VBZ is) (ADJP (IN that))) (. ?)))
554,(ROOT (NP (# #)))
555,(ROOT (SBARQ (WHNP (WP who)) (SQ (VBZ is) (ADJP (IN that))) (. ?)))
556,(ROOT (SBARQ (WHNP (WP who)) (SQ (VBZ is) (ADJP (IN that))) (. ?)))
557,(ROOT (NP (# #)))
558,(ROOT (FRAG (DT no)))
559,(ROOT (SBARQ (WHNP (WP who)) (SQ (VBZ is) (ADJP (IN that))) (. ?)))
560,(ROOT (NP (# #)))
561,(ROOT (ADVP (RB here)))
562,(ROOT (SBARQ (WHNP (WP who)) (SQ (VBZ 's) (NP (DT this))) (. ?)))
563,(ROOT (SBARQ (WHNP (WP who)) (SQ (VBZ 's) (NP (DT this))) (. ?)))
564,(ROOT (NP (# #)))
565,(ROOT (NP (NN op) (. !)))
566,(ROOT (S (VP (VB say) (ADJP (JJ open))) (. !)))
567,(ROOT (FRAG (ADJP (JJ open)) (. .)))
568,(ROOT (FRAG (ADVP (RB here)) (. .)))
569,(ROOT (SBARQ (WHNP (WP who)) (SQ (VBZ is) (NP (DT this))) (. ?)))
570,(ROOT (FRAG (WHNP (WDT what)) (. ?)))
571,(ROOT (S (NP (PRP you)) (VP (VBP want) (S (VP (TO to) (VP (VB get) (VP (VBN dressed)))))) (. ?)))
572,(ROOT (S (RB so) (NP (PRP you)) (VP (MD can) (VP (VB go) (PRT (RP out)))) (. ?)))
573,(ROOT (NP (NN ok) (. .)))
574,(ROOT (SBARQ (WHNP (WP who)) (SQ (VBZ is) (NP (DT this))) (. ?)))
575,(ROOT (NP (# #)))
576,(ROOT (NP (: --)))
577,(ROOT (NP (# #)))
578,(ROOT (S (VP (VB thank) (S (NP (CC +)) (NP (PRP you)))) (. .)))
579,(ROOT (NP (NN ok)))
580,(ROOT (S (VP (VB let) (S (NP (PRP me)) (VP (VB get) (NP (PRP$ your) (NNS clothes))))) (. .)))
581,(ROOT (FRAG (WHNP (WDT what) (NP (NNP Sam))) (. ?)))
582,(ROOT (S (NP (PRP I)) (VP (VBP know)) (. .)))
583,(ROOT (S (NP (NNP Larry)) (VP (VBD went) (ADVP (RB somewhere))) (. .)))
584,(ROOT (NP (NP (PRP you)) (VP (VBG going) (S (VP (TO to) (VP (VP (VB come) (PP (IN in) (NP (DT the) (NN den)))) (CC and) (VP (VB get) (VP (VBN dressed) (PP (IN with) (NP (PRP me))))))))) (. ?)))
585,(ROOT (NP (NNP Sam)))
586,(ROOT (SINV (VP (VBP do) (RB n't) (VP (VB leave))) (NP (NP (DT the) (NN gate)) (ADJP (JJ open)))))
587,(ROOT (NP (NNP Zevy)))
588,(ROOT (FRAG (ADVP (RB right) (RB here)) (. .)))
589,(ROOT (SBARQ (WHNP (WP what)) (SQ (VBP are) (NP (PRP you)) (VP (VBG doing))) (. ?)))
590,(ROOT (NP (: --)))
591,(ROOT (NP (: --)))
592,(ROOT (NP (: --)))
593,(ROOT (NP (# #)))
594,(ROOT (NP (NNP Zevy)))
595,(ROOT (SBARQ (WHNP (WP who)) (SQ (VBZ 's) (NP (NP (NN hat)) (SBAR (S (VP (VBZ is) (ADJP (IN that))))))) (. ?)))
596,(ROOT (SBARQ (WHNP (WP who)) (SQ (VBZ 's) (SBARQ (SQ (VBZ is) (NP (DT this))))) (. ?)))
597,(ROOT (SQ (VP (VB want) (S (VP (TO to) (VP (VB get) (VP (VBN dressed)))))) (. ?)))
598,(ROOT (FRAG (SBAR (IN after) (S (NP (PRP you)) (VP (VBP get) (S (VP (VBN dressed)))))) (. .)))
599,(ROOT (NP (# #)))
600,(ROOT (NP (: --)))
601,(ROOT (S (NP (PRP I)) (VP (VBP believe) (SBAR (S (NP (DT that)) (VP (VBZ 's) (NP (DT the) (NN front)))))) (. .)))
602,(ROOT (FRAG (NP (NNP Zevy)) (. ?)))
603,(ROOT (S (NP (NNP Zevy)) (VP (VBZ has) (NP (PRP$ his) (JJ own) (NN helmet))) (. .)))
604,(ROOT (S (NP (PRP you)) (VP (MD 'll) (VP (VB wear) (NP (PRP$ yours)))) (. .)))
605,(ROOT (S (VP (VB do) (SBAR (S (NP (PRP you)) (VP (VBP want) (S (VP (TO to) (VP (VB get) (VP (VBN dressed)))))))))))
606,(ROOT (S (RB so) (NP (PRP you)) (VP (MD can) (VP (VB play) (ADVP (JJ outside)))) (. ?)))
607,(ROOT (S (NP (PRP you)) (VP (VBP want) (S (VP (TO to) (VP (VB go) (PP (IN in) (NP (DT the) (NN den))))))) (. ?)))
608,(ROOT (SBARQ (CC or) (SQ (VB do) (NP (PRP you)) (VP (VBP want) (S (VP (TO to) (VP (VB do) (NP (PRP it)) (ADVP (RB here))))))) (. ?)))
609,(ROOT (S (VP (VB let) (S (NP (POS 's)) (VP (VB go) (PP (IN in) (NP (DT the) (NN den))))))))
610,(ROOT (S (RB so) (NP (PRP you)) (VP (VBP do) (RB n't) (VP (VB have) (S (VP (TO to) (VP (VB be) (PP (IN on) (NP (NP (NN camera)) (VP (VBG dressing))))))))) (. .)))
611,(ROOT (S (NP (PRP you)) (VP (VBP want) (S (VP (TO to) (VP (VB bring) (S (NP (DT that)) (VP (TO to) (VP (VB mama)))))))) (. ?)))
612,(ROOT (NP (# #)))
613,(ROOT (S (VP (VB thank) (S (NP (CC +)) (NP (PRP you)))) (. .)))
614,(ROOT (FRAG (NP (RB very) (JJ good)) (NP (NN helper)) (. .)))
615,(ROOT (NP (# #)))
616,(ROOT (NP (: --)))
617,(ROOT (NP (NN Oopa)))
618,(ROOT (NP (NN Oopa) (. .)))
619,(ROOT (S (NP (PRP you)) (VP (VBP want) (NP (DT the) (NNS dice))) (. ?)))
620,(ROOT (FRAG (NP (NN yeah)) (. ?)))
621,(ROOT (NP (# #)))
622,(ROOT (FRAG (NP (NNP Anielle)) (. ?)))
623,(ROOT (FRAG (NP (NNP Anielle)) (. ?)))
624,(ROOT (SBARQ (WHADVP (WRB where)) (SQ (POS 's) (NP (NNP Big_Bird))) (. ?)))
625,(ROOT (SQ (MD can) (NP (PRP you)) (VP (VB bring) (S (NP (NNP Big_Bird)) (VP (TO to) (VP (VB mama))))) (. ?)))
626,(ROOT (S (VP (VB bring) (NP (FW mama)) (NP (NN Big_Bird))) (. .)))
627,(ROOT (FRAG (DT no)))
628,(ROOT (SBARQ (WHADVP (WRB where)) (SQ (POS 's) (NP (NNP Big_Bird))) (. ?)))
629,(ROOT (S (VP (VB look) (PP (IN behind) (NP (PRP you)))) (. .)))
630,(ROOT (FRAG (PP (IN in) (NP (DT that) (NN box))) (. .)))
631,(ROOT (NP (NP (NN look)) (PP (IN over) (NP (RB there))) (. .)))
632,(ROOT (NP (NN Big_Bird) (. .)))
633,(ROOT (SBARQ (WHADVP (WRB where)) (SQ (POS 's) (NP (NNP Big_Bird))) (. ?)))
634,(ROOT (NP (# #)))
635,(ROOT (NP (NN Big_Bird)))
636,(ROOT (NP (NN yeah) (. .)))
637,(ROOT (S (NP (PRP I)) (VP (VBP hope) (RB not)) (. !)))
638,(ROOT (NP (# #)))
639,(ROOT (S (NP (PRP I)) (VP (VBP hope) (RB not))))
640,(ROOT (SBARQ (WHNP (WP what)) (SQ (VP (VBD happened))) (. ?)))
641,(ROOT (SBARQ (WHNP (WP what)) (SQ (VP (VBD happened))) (. ?)))
642,(ROOT (NP (: --)))
643,(ROOT (FRAG (NP (NNP Anielle)) (. ?)))
644,(ROOT (S (NP (PRP you)) (VP (VBP want) (S (VP (TO to) (VP (VB watch) (NP (NNP Baby_Mozart)))))) (. ?)))
645,(ROOT (NP (# #)))
646,(ROOT (NP (# #)))
647,(ROOT (NP (NNS keys) (. ?)))
648,(ROOT (FRAG (SBAR (WHNP (WP$ whose) (NNS keys)) (S (VP (VBP are) (NP (DT those))))) (. ?)))
649,(ROOT (S (NP (PRP she)) (VP (VBD said) (NP (NNS keys))) (. .)))
650,(ROOT (NP (NNP Zevy)))
651,(ROOT (S (VP (VB let) (NP (PRP her))) (: --)))
652,(ROOT (S (VP (VB thank) (S (NP (CC +)) (NP (PRP you)))) (. .)))
653,(ROOT (S (VP (VB thank) (S (NP (CC +)) (NP (PRP you)))) (. .)))
654,(ROOT (S (VP (VB thank) (S (NP (CC +)) (NP (PRP you)))) (. .)))
655,(ROOT (S (VP (VB go) (VP (VB watch) (NP (NNP Baby_Mozart))))))
656,(ROOT (S (VP (VB look)) (. !)))
657,(ROOT (NP (NN hey)))
658,(ROOT (NP (# #)))
659,(ROOT (NP (: --)))
660,(ROOT (NP (# #)))
661,(ROOT (S (VP (VB look) (PP (IN at) (NP (NP (DT the) (NN teddy)) (CC +) (NP (NN bear))))) (. !)))
662,(ROOT (SQ (VBP are) (NP (PRP you)) (VP (VBG dancing) (PP (IN like) (NP (DT the) (NN teddy)))) (. ?)))
663,(ROOT (NP (# #)))
664,(ROOT (S (VP (VB say) (NP (NNP Teddy))) (. !)))
665,(ROOT (NP (# #)))
666,(ROOT (FRAG (WHNP (WDT what) (NN letter))))
667,(ROOT (FRAG (NP (DT no)) (. .)))
668,(ROOT (S (VP (VB say) (NP (DT the) (NNS letters))) (. .)))
669,(ROOT (S (VP (VB say) (NP (DT the) (NNS letters))) (. .)))
670,(ROOT (ADVP (RB right)))
671,(ROOT (NP (NN yeah) (. .)))
672,(ROOT (FRAG (DT no)))
673,(ROOT (FRAG (NP (NNP Oooh)) (. .)))
674,(ROOT (NP (NN fire) (. !)))
675,(ROOT (NP (NNS flames) (. ?)))
676,(ROOT (SQ (VBZ is) (NP (PRP it)) (ADJP (JJ hot)) (. ?)))
677,(ROOT (INTJ (UH oh)))
678,(ROOT (VP (VBN come) (ADVP (RB here))))
679,(ROOT (S (VP (VB let) (S (NP (PRP me)) (VP (VB get) (S (NP (PRP you)) (VP (VBN dressed)))))) (. .)))
680,(ROOT (FRAG (NP (NNP Zevy)) (. .)))
681,(ROOT (S (NP (PRP you)) (VP (MD 'll) (VP (VB love) (NP (DT this)) (PP (IN in) (PP (IN about) (NP (CD four) (NNS months)))))) (. .)))
682,(ROOT (NP (: --)))
683,(ROOT (NP (: --)))
684,(ROOT (INTJ (UH oh) (. !)))
685,(ROOT (NP (# #)))
686,(ROOT (INTJ (UH oh) (. !)))
687,(ROOT (S (VP (VBZ is) (ADVP (IN that) (RB pretty))) (. ?)))
688,(ROOT (FRAG (NP (NNP Zevy)) (. ?)))
689,(ROOT (NP (NNP Zevy)))
690,(ROOT (FRAG (NP (NNP Zevy)) (. ?)))
691,(ROOT (SINV (MD can) (NP (PRP you)) (VP (VB look) (PP (IN at) (NP (NN mama))))))
692,(ROOT (FRAG (NP (NNP Zevy)) (. ?)))
693,(ROOT (S (VP (VBN come) (PP (IN into) (NP (NP (DT the) (NN living)) (CC +) (NP (NN room)))) (PP (IN with) (NP (NP (PRP me)) (ADJP (JJ real) (JJ quick))))) (. .)))
694,(ROOT (S (CC and) (NP (PRP we)) (VP (MD 'll) (VP (VB get) (S (NP (PRP you)) (VP (VBN dressed) (SBAR (IN while) (S (NP (PRP she)) (VP (VBZ is) (VP (VBG watching) (NP (DT this)))))))))) (. .)))
695,(ROOT (NP (: --)))
696,(ROOT (S (NP (PRP you)) (PP (ADVP (RB still)) (IN like) (NP (DT this) (NN video))) (. ?)))
697,(ROOT (S (NP (PRP you)) (VP (VBP like) (NP (DT the) (NN music))) (. ?)))
698,(ROOT (NP (: --)))
699,(ROOT (S (VP (VB take) (NP (DT the) (NNS keys)) (ADVP (IN out) (PP (IN of) (NP (PRP$ your) (NN mouth))))) (. .)))
700,(ROOT (FRAG (ADVP (IN out) (PP (IN of) (NP (PRP$ your) (NN mouth)))) (. .)))
701,(ROOT (FRAG (ADVP (IN out)) (. !)))
702,(ROOT (NP (# #)))
703,(ROOT (SINV (ADVP (RB now)) (VP (VBP watch)) (NP (DT the)) (: --)))
704,(ROOT (S (NP (RB now)) (VP (VBP watch) (NP (NNP Mozart))) (. .)))
705,(ROOT (NP (# #)))
706,(ROOT (S (VP (VBP do) (RB n't) (VP (VB talk) (PP (IN like) (NP (DT a) (NN baby))))) (. !)))
707,(ROOT (NP (# #)))
708,(ROOT (NP (NN yeah)))
709,(ROOT (SBARQ (WHNP (WP what)) (SQ (VBZ does) (NP (PRP he)) (VP (VB say))) (. ?)))
710,(ROOT (SBARQ (WHNP (WP what)) (SQ (VBZ does) (NP (PRP he)) (VP (VB say))) (. ?)))
711,(ROOT (SBARQ (WHNP (WP what)) (SQ (VBZ is) (ADJP (IN that))) (. ?)))
712,(ROOT (FRAG (NP (NN orange)) (. ?)))
713,(ROOT (FRAG (NP (NNP Sam)) (. !)))
714,(ROOT (SINV (VP (VBP do) (RB n't) (VP (VB make))) (NP (NP (DT the) (NN noise)) (PP (IN of) (NP (DT that))))))
715,(ROOT (FRAG (NP (NN apple)) (. ?)))
716,(ROOT (NP (NNP Zevy)))
717,(ROOT (NP (: --)))
718,(ROOT (INTJ (NN banana) (. !)))
719,(ROOT (SBARQ (WHNP (WP what)) (SQ (VBZ does) (NP (PRP he)) (VP (VB say))) (. ?)))
720,(ROOT (NP (# #)))
721,(ROOT (FRAG (ADVP (RB blah)) (. !)))
722,(ROOT (NP (# #)))
723,(ROOT (FRAG (NP (NNP Anielle)) (. ?)))
724,(ROOT (FRAG (NP (NNP Anielle)) (. ?)))
725,(ROOT (FRAG (NP (NNP Anielle)) (. ?)))
726,(ROOT (SQ (MD can) (NP (PRP you)) (VP (VB say) (NP (NN train))) (. ?)))
727,(ROOT (FRAG (NP (NN train)) (. ?)))
728,(ROOT (NP (# #)))
729,(ROOT (NP (NN yeah)))
730,(ROOT (NP (: --)))
731,(ROOT (INTJ (UH oh) (. !)))
732,(ROOT (NP (NNS lights) (. ?)))
733,(ROOT (S (VP (VBZ is) (ADVP (IN that)) (NP (NNS lights))) (. ?)))
734,(ROOT (INTJ (UH oh)))
735,(ROOT (FRAG (ADJP (RB very) (JJ good)) (. !)))
736,(ROOT (NP (# #)))
737,(ROOT (FRAG (ADJP (RB very) (JJ good)) (. !)))
738,(ROOT (NP (NN ooh) (. !)))
739,(ROOT (FRAG (NP (NNP Anielle)) (. ?)))
740,(ROOT (S (NP (PRP it)) (VP (VBZ 's) (NP (DT a) (NN doggie))) (. !)))
741,(ROOT (NP (# #)))
742,(ROOT (NP (NN Doggie) (. !)))
743,(ROOT (S (NP (PRP you)) (VP (VBP 're) (VP (VBG talking) (SBAR (IN like) (S (NP (PRP you)) (VP (VBP 're) (ADJP (NP (CD two) (NNS years)) (JJ old))))))) (. .)))
744,(ROOT (SQ (VBZ is) (NP (DT the) (NN train)) (VP (VBG going) (NP (NP (NN bye)) (CC +) (NP (NN bye)))) (. ?)))
745,(ROOT (SQ (VP (VB want) (S (VP (TO to) (VP (VB sit) (PP (IN with) (NP (NN mama))))))) (. ?)))
746,(ROOT (NP (# #)))
747,(ROOT (S (NP (PRP you)) (VP (VBP want) (NP (DT the) (NNS dice))) (. ?)))
748,(ROOT (S (NP (PRP you)) (VP (VBP want) (SBAR (S (NP (FW mama)) (VP (VBP hold) (NP (PRP you)))))) (. ?)))
749,(ROOT (INTJ (UH oh)))
750,(ROOT (SBARQ (WHNP (WDT what) (NN sound)) (SQ (VBZ does) (NP (DT an) (NN elephant)) (VP (VB make))) (. ?)))
751,(ROOT (INTJ (UH oh) (. !)))
752,(ROOT (SBARQ (WHNP (WP what)) (SQ (VBZ is) (ADVP (IN that)) (VP (VBN called)))))
753,(ROOT (NP (NP (DT a) (NN crab)) (PP (IN on) (NP (DT a))) (: --)))
754,(ROOT (SBARQ (WHNP (WP what)) (SQ (VBZ 's) (NP (NP (DT the) (NN thing)) (SBAR (WHNP (WDT that)) (S (VP (VBZ 's) (VP (VBG making) (NP (DT the) (NN noise)))))))) (. ?)))
755,(ROOT (NP (DT a) (NN metronome) (. ?)))
756,(ROOT (NP (: --)))
757,(ROOT (NP (# #)))
758,(ROOT (SQ (VBP are) (NP (PRP they)) (VP (VBG climbing) (NP (DT the) (NNS steps))) (. ?)))
759,(ROOT (SQ (VBP are) (NP (PRP they)) (VP (VBG going) (PRT (RP up))) (. ?)))
760,(ROOT (S (VP (VB say) (PRT (RP up))) (. !)))
761,(ROOT (SQ (VBP are) (NP (PRP they)) (VP (VBG going) (PRT (RP up))) (. ?)))
762,(ROOT (NP (: --)))
763,(ROOT (NP (: --)))
764,(ROOT (NP (: --)))
765,(ROOT (NP (NN ooh)))
766,(ROOT (S (VP (VB clap) (NP (PRP$ your) (NNS hands)))))
767,(ROOT (FRAG (PP (TO to) (NP (DT the) (NN music))) (. .)))
768,(ROOT (NP (: --)))
769,(ROOT (FRAG (NP (NNP Zevy)) (. ?)))
770,(ROOT (SQ (MD would) (NP (PRP you)) (VP (VB like) (S (VP (TO to) (VP (VB learn) (S (VP (TO to) (VP (VB play) (NP (NP (DT that)) (PP (IN on) (NP (DT the) (NN piano))))))))))) (. ?)))
771,(ROOT (FRAG (SBAR (IN like) (S (NP (PRP it)) (VP (VBZ 's) (VP (VBG being) (VP (VBN played)))))) (. .)))
772,(ROOT (FRAG (WHNP (WP who)) (. ?)))
773,(ROOT (ADVP (RB right) (. !)))
774,(ROOT (NP (# #)))
775,(ROOT (SQ (VP (VB give) (S (VP (TO to) (VP (VB mama))))) (. ?)))
776,(ROOT (NP (NP (PRP you)) (VP (VBG going) (S (VP (TO to) (VP (VB put) (NP (PRP it)) (PP (IN in) (NP (DT the) (NN bucket))))))) (. ?)))
777,(ROOT (NP (: --)))
778,(ROOT (INTJ (UH oh)))
779,(ROOT (NP (# #)))
780,(ROOT (INTJ (UH oh)))
781,(ROOT (SBARQ (WHNP (WP what)) (SQ (VBP do) (NP (PRP you)) (VP (VB do) (PP (IN with) (NP (NN fire))))) (. ?)))
782,(ROOT (FRAG (ADVP (RB right)) (. .)))
783,(ROOT (S (NP (PRP it)) (VP (VBZ 's) (ADJP (JJ hot))) (. !)))
784,(ROOT (SQ (VBZ is) (NP (NN fire)) (ADJP (JJ hot)) (. ?)))
785,(ROOT (NP (# #)))
786,(ROOT (SQ (VBP are) (NP (PRP you)) (VP (VBG blowing) (PRT (RP out)) (NP (NN something) (JJ hot))) (. ?)))
787,(ROOT (NP (: --)))
788,(ROOT (SBARQ (WHADVP (WRB where)) (SQ (VBP are) (NP (PRP you)) (VP (VBG going)))))
789,(ROOT (SQ (VBP are) (NP (PRP you)) (VP (VBG going) (S (VP (TO to) (VP (VB watch) (NP (DT the) (NN video)))))) (. ?)))
790,(ROOT (S (VP (VB look) (PP (IN at) (NP (DT the) (NNS colors)))) (. !)))
791,(ROOT (INTJ (UH oh) (. !)))
792,(ROOT (NP (: --)))
793,(ROOT (NP (# #)))
794,(ROOT (NP (NNS oops) (. !)))
795,(ROOT (S (NP (DT that)) (VP (VBZ 's) (ADJP (JJ okay))) (. .)))
796,(ROOT (NP (NN look)))
797,(ROOT (NP (NN metronome) (. !)))
798,(ROOT (NP (# #)))
799,(ROOT (ADVP (RB right) (. !)))
800,(ROOT (NP (# #)))
801,(ROOT (S (NP (NN baba)) (VP (VBD taught) (NP (NP (DT both)) (PP (IN of) (NP (PRP you)))) (S (VP (TO to) (VP (VB do) (NP (DT that)))))) (. !)))
802,(ROOT (NP (DT a) (NN dolphin) (. ?)))
803,(ROOT (ADVP (RB right)))
804,(ROOT (S (NP (DT that)) (VP (VBD was) (ADJP (RB very) (JJ good))) (. .)))
805,(ROOT (ADJP (JJ Tic)))
806,(ROOT (NP (# #)))
807,(ROOT (NP (: --)))
808,(ROOT (S (VP (VBZ is) (ADJP (IN that) (PP (IN like) (NP (PRP$ your) (NN ball))))) (. ?)))
809,(ROOT (FRAG (NP (NNP Anielle)) (. !)))
810,(ROOT (S (VP (VB look) (PP (IN at) (NP (DT the) (NNS balls)))) (. !)))
811,(ROOT (S (NP (PRP it)) (VP (VBZ 's) (ADVP (RB almost)) (NP (DT the) (JJ exact) (JJ same) (NN toy)))))
812,(ROOT (S (NP (PRP it)) (VP (VBZ 's) (VP (VBN made) (PP (IN by) (NP (DT a) (JJ different) (NN company))))) (. .)))
813,(ROOT (S (NP (PRP it)) (VP (VBZ looks) (NP (JJR more)) (PP (IN like) (NP (DT a) (NN castle)))) (. .)))
814,(ROOT (NP (NP (PRP you)) (NP (NNS guys)) (. .)))
815,(ROOT (S (NP (PRP you)) (VP (VBD put) (NP (ADJP (RB too) (JJ many)) (NNS balls)) (PP (IN in) (NP (PRP it)))) (. .)))
816,(ROOT (NP (: --)))
817,(ROOT (NP (: --)))
818,(ROOT (NP (: --)))
819,(ROOT (S (NP (PRP you) (NNS guys)) (VP (VBD put) (NP (DT the) (JJ wrong) (NNS balls)) (PP (IN in) (NP (RB here)))) (. .)))
820,(ROOT (NP (# #)))
821,(ROOT (FRAG (NP (NNP Sam)) (. .)))
822,(ROOT (NP (NP (NP (DT these)) (SBAR (S (NP (DT all)) (VP (VB go) (PP (IN in) (NP (DT the) (JJ other))))))) (: --)))
823,(ROOT (NP (NP (NNS balls)) (NP (NN thing)) (. .)))
824,(ROOT (S (NP (PRP you)) (VP (VBP want) (S (VP (TO to) (VP (VB put) (NP (PRP them)) (PP (IN in)))))) (. ?)))
825,(ROOT (S (VP (VB look) (NP (PRP it))) (. !)))
826,(ROOT (INTJ (UH oh) (. !)))
827,(ROOT (NP (NN ooh) (. !)))
828,(ROOT (S (NP (PRP you)) (VP (VBP want) (S (VP (TO to) (VP (VB sit) (PRT (RP down)) (PP (IN on) (NP (NP (NN mama) (POS 's)) (NN lap))))))) (. ?)))
829,(ROOT (NP (# #)))
830,(ROOT (NP (NN push) (. .)))
831,(ROOT (NP (NN yeah) (. !)))
832,(ROOT (NP (NNP Zevy)))
833,(ROOT (FRAG (NP (NN ok)) (. ?)))
834,(ROOT (S (NP (DT this)) (VP (VBZ is) (NP (NP (DT the) (CD one)) (SBAR (WHNP (WDT that)) (S (VP (VBZ goes) (PP (TO to) (NP (RB here)))))))) (. .)))
835,(ROOT (S (NP (PRP you)) (VP (VBP want) (S (VP (TO to) (VP (VB watch) (NP (DT the) (NN video)) (PP (IN with) (NP (NN mommy))))))) (. ?)))
836,(ROOT (S (VP (VB look)) (. !)))
837,(ROOT (NP (NN ooh)))
838,(ROOT (FRAG (SBAR (IN that) (S (VP (VBZ does) (RB n't) (VP (VB go) (PP (IN in) (NP (EX there))))))) (. !)))
839,(ROOT (NP (# #)))
840,(ROOT (NP (# #)))
841,(ROOT (NP (# #)))
842,(ROOT (SQ (VP (VB click)) (. ?)))
843,(ROOT (FRAG (ADVP (RB huh)) (. ?)))
844,(ROOT (SBARQ (WHNP (WP what)) (SQ (VBZ is) (ADJP (IN that))) (. ?)))
845,(ROOT (SBARQ (WHNP (WP what)) (SQ (VBZ is) (ADJP (IN that))) (. ?)))
846,(ROOT (S (VP (VBZ is) (PP (IN that) (NP (NN doggie)))) (. ?)))
847,(ROOT (SBARQ (WHNP (WP what)) (SQ (VBZ is) (ADJP (IN that))) (. ?)))
848,(ROOT (NP (# #)))
849,(ROOT (NP (NN Doggie)))
850,(ROOT (SBARQ (WHNP (WP what)) (SQ (VBZ 's) (ADJP (IN that))) (. ?)))
851,(ROOT (FRAG (NP (NN cow)) (. ?)))
852,(ROOT (SQ (MD can) (NP (PRP you)) (VP (VB say) (NP (NN cow))) (. ?)))
853,(ROOT (NP (NN cow) (. .)))
854,(ROOT (NP (NN moo) (. !)))
855,(ROOT (SBARQ (WHNP (WP what)) (SQ (VBZ does) (NP (DT the) (NN cow)) (VP (VB say))) (. ?)))
856,(ROOT (NP (NN moo) (. !)))
857,(ROOT (NP (NN duck) (. .)))
858,(ROOT (NP (# #)))
859,(ROOT (NP (NN duck) (. .)))
860,(ROOT (NP (# #)))
861,(ROOT (NP (NN duck) (. .)))
862,(ROOT (NP (# #)))
863,(ROOT (NP (NN kitty) (. .)))
864,(ROOT (S (VP (VBZ is) (ADVP (IN that)) (NP (DT a) (NN kitty) (CC +) (NN kat))) (. ?)))
865,(ROOT (S (VP (VBZ is) (ADVP (IN that) (NP (DT a) (NN kitty)))) (. ?)))
866,(ROOT (NP (# #)))
867,(ROOT (NP (NP (NN kitty)) (NP (CC +) (NN kat)) (. .)))
868,(ROOT (FRAG (ADVP (RB right)) (. .)))
869,(ROOT (NP (# #)))
870,(ROOT (NP (NN chicken) (. .)))
871,(ROOT (SQ (MD can) (NP (PRP you)) (VP (VB say) (NP (NN rooster))) (. ?)))
872,(ROOT (NP (# #)))
873,(ROOT (NP (NN yeah) (. .)))
874,(ROOT (S (NP (PRP you)) (VP (VBP like) (NP (DT the) (NN music))) (. ?)))
875,(ROOT (NP (NP (NN dance)) (PP (TO to) (NP (PRP it))) (. ?)))
876,(ROOT (INTJ (UH oh)))
877,(ROOT (S (VP (VBP do) (RB n't) (VP (VB eat) (NP (DT the) (NN box)))) (. .)))
878,(ROOT (S (NP (DT that)) (VP (VBZ 's) (ADJP (RB so) (JJ grubby))) (. .)))
879,(ROOT (FRAG (ADVP (RB blah)) (. !)))
880,(ROOT (NP (# #)))
881,(ROOT (S (VP (NP (NP (NN butter)) (CC +) (S (VP (VB fly))))) (. !)))
882,(ROOT (SBARQ (WHADVP (WRB where)) (SQ (POS 's) (NP (NP (PRP$ your) (NN butter)) (SBAR (S (NP (CC +)) (VP (VB fly)))))) (. ?)))
883,(ROOT (S (VP (VP (VB do) (SBAR (S (NP (PRP you)) (VP (VBP have) (NP (DT a) (NN butter)))))) (CC +) (VP (VB fly))) (. ?)))
884,(ROOT (S (NP (PRP you)) (VP (VBP wave) (NP (UH hi)) (PP (TO to) (NP (PRP$ her)))) (. ?)))
885,(ROOT (S (VP (VB say) (FRAG (INTJ (UH hi) (. !))))))
886,(ROOT (FRAG (NP (NNP Anielle)) (. ?)))
887,(ROOT (SBARQ (WHADVP (WRB where)) (SQ (POS 's) (NP (NNP Big_Bird))) (. ?)))
888,(ROOT (S (VP (VB let) (S (NP (PRP her)) (VP (VB pick) (PRT (RP out)) (NP (NN Big_Bird))))) (. .)))
889,(ROOT (INTJ (UH oh)))
890,(ROOT (INTJ (UH oh)))
891,(ROOT (NP (# #)))
892,(ROOT (S (NP (DT all)) (VP (VBN gone)) (. !)))
893,(ROOT (SQ (VBP are) (NP (PRP you)) (VP (VBG dancing) (PP (TO to) (NP (DT the) (NN music)))) (. ?)))
894,(ROOT (FRAG (NP (NN dancing)) (. ?)))
895,(ROOT (SQ (VBP are) (NP (PRP you) (NNS guys)) (VP (VBG putting) (NP (NP (DT those)) (PP (IN inside) (NP (DT the) (NN box))))) (. ?)))
896,(ROOT (SBARQ (WHNP (WDT what)) (SQ (VP (VBZ goes) (PP (IN in) (NP (DT that) (CD one))))) (. ?)))
897,(ROOT (SBAR (IN if) (S (NP (PRP you)) (VP (VBP do) (RB n't) (VP (VB want) (S (NP (PRP him)) (VP (TO to) (VP (VB do) (NP (NN something)) (PP (IN with) (NP (PRP$ your) (NNS things)))))))))))
898,(ROOT (S (NP (PRP you)) (VP (VBP do) (RB n't) (VP (VB have) (S (VP (TO to) (VP (ADVP (RB just)) (VB let) (S (NP (PRP him)) (VP (VB do) (NP (NNS things)) (SBAR (IN that) (S (NP (PRP you)) (VP (VBP do) (RB n't) (VP (VB want) (S (NP (PRP him)) (VP (TO to) (VP (VB do))))))))))))))) (. .)))
899,(ROOT (NP (# #)))
900,(ROOT (NP (# #)))
901,(ROOT (S (VP (NP (INTJ (UH hello)) (NP (NNP Anielle) (NNP Muriel)))) (. .)))
902,(ROOT (NP (JJ good) (NN girl) (. .)))
903,(ROOT (NP (# #)))
904,(ROOT (NP (JJ good) (NN girl) (. !)))
905,(ROOT (NP (# #)))
906,(ROOT (S (VP (VBZ is) (ADVP (IN that)) (NP (DT a) (JJ good) (NN show))) (. ?)))
907,(ROOT (NP (# #)))
908,(ROOT (NP (JJ good) (NN girl) (. .)))
909,(ROOT (NP (: --)))
910,(ROOT (NP (JJ good) (NN girl) (. .)))
911,(ROOT (SQ (VP (VB say) (PP (IN on))) (. ?)))
912,(ROOT (S (VP (VB let) (S (NP (POS 's)) (VP (VB keep) (NP (PRP it)) (PP (IN on))))) (. .)))
913,(ROOT (NP (# #)))
914,(ROOT (FRAG (WHNP (WDT what)) (. ?)))
915,(ROOT (NP (# #)))
916,(ROOT (FRAG (ADVP (RB off)) (. .)))
917,(ROOT (FRAG (DT no)))
918,(ROOT (S (NP (PRP I)) (VP (VBP want) (NP (PRP it)) (PP (IN on))) (. .)))
919,(ROOT (NP (NNP Zevy)))
920,(ROOT (FRAG (VP (VBP do) (RB n't) (VP (VB hit)))))
921,(ROOT (NP (# #)))
922,(ROOT (NP (NNS dinosaurs) (. !)))
923,(ROOT (NP (: --)))
924,(ROOT (NP (: --)))
925,(ROOT (NP (: --)))
926,(ROOT (NP (: --)))
927,(ROOT (NP (NN yeah) (. !)))
928,(ROOT (ADVP (RB right) (. !)))
929,(ROOT (S (VP (VB say) (NP (NN metronome))) (. !)))
930,(ROOT (NP (# #)))
931,(ROOT (S (NP (DT that)) (VP (VBZ 's) (ADJP (JJ good))) (. .)))
932,(ROOT (NP (: --)))
933,(ROOT (SBARQ (WHNP (WP what)) (SQ (VBZ is) (ADJP (IN that))) (. ?)))
934,(ROOT (FRAG (NP (NN train)) (. ?)))
935,(ROOT (NP (: --)))
936,(ROOT (NP (: --)))
937,(ROOT (S (VP (VBZ is) (ADVP (IN that)) (NP (NP (DT a) (NN choo)) (CC +) (NP (NN choo) (NN train)))) (. ?)))
938,(ROOT (FRAG (NP (DT another)) (NP (CD one)) (. ?)))
939,(ROOT (SINV (VP (VBZ is) (NP (PRP it))) (NP (NN time)) (SBAR (IN for) (S (NP (PRP you)) (VP (TO to) (VP (VB get) (VP (VBN dressed))))))))
940,(ROOT (SQ (VP (VB have) (S (NP (PRP you)) (VP (VBN been) (PP (TO to) (NP (NP (DT the) (NN bath)) (CC +) (NP (NN room)))) (ADVP (RB yet))))) (. ?)))
941,(ROOT (NP (NN ok) (. .)))
942,(ROOT (SINV (FRAG (WHADVP (WRB why))) (VP (VBP do) (RB n't)) (NP (PRP you))))
943,(ROOT (SQ (VP (VB let) (S (NP (POS 's)) (VP (VB get) (S (NP (PRP you)) (VP (VBN dressed)))))) (. ?)))
944,(ROOT (NP (NNP Zevy)))
945,(ROOT (NP (: --)))
946,(ROOT (NP (: --)))
947,(ROOT (NP (: --)))
948,(ROOT (S (NP (PRP you)) (VP (VBP like) (NP (NNS clothes))) (. ?)))
949,(ROOT (FRAG (ADVP (ADVP (RB up) (RB up) (IN up)) (RB up) (RB up) (ADVP (IN up))) (ADVP (RB up) (. !))))
950,(ROOT (S (VP (VB look)) (. !)))
951,(ROOT (NP (NN train) (. !)))
952,(ROOT (NP (NP (NN choo)) (NP (CC +) (NN choo)) (. !)))
953,(ROOT (NP (# #)))
954,(ROOT (NP (NP (NN choo)) (NP (CC +) (NN choo)) (. !)))
955,(ROOT (NP (: --)))
956,(ROOT (NP (NP (NN hey)) (NP (NNP Sam)) (. .)))
957,(ROOT (S (VP (VBD did) (SBAR (S (NP (PRP you)) (VP (VBP have) (NP (NP (DT this) (NN tape)) (SBAR (WHADVP (WRB when)) (S (NP (PRP you)) (VP (VBD were) (NP (DT a) (NN kid)))))))))) (. ?)))
958,(ROOT (SQ (VBD were) (NP (PRP you)) (NP (DT a) (NN kid)) (. ?)))
959,(ROOT (S (NP (PRP I)) (VP (VBD thought) (SBAR (S (NP (PRP you)) (VP (VBD were) (VP (VBN born) (S (ADJP (NP (CD eight) (NNS years)) (JJ old)))))))) (. .)))
960,(ROOT (FRAG (NP (PRP you)) (ADVP (RB sure)) (. ?)))
961,(ROOT (S (NP (PRP you)) (VP (VBP want) (S (VP (TO to) (VP (VB call) (NP (PRP$ her)) (NP-TMP (DT this) (NN morning)))))) (. ?)))
962,(ROOT (S (NP (PRP you)) (VP (VBP want) (S (VP (TO to) (VP (VB call) (NP (PRP$ her)) (ADVP (RB now)))))) (. ?)))
963,(ROOT (S (VP (VB tell) (NP (PRP her)) (SBAR (S (NP (PRP you)) (VP (VBD were) (VP (VBG reading) (NP (NNS stories)) (NP-TMP (JJ last) (NN night)) (PP (TO to) (NP (NP (NNP Zevy)) (SBAR (IN so) (S (NP (PRP you)) (VP (MD could) (RB n't) (VP (VB call) (NP (PRP her))))))))))))) (. .)))
964,(ROOT (NP (# #)))
965,(ROOT (NP (# #)))
966,(ROOT (NP (# #)))
967,(ROOT (FRAG (UH uh) (INTJ (UH oh)) (. !)))
968,(ROOT (NP (# #)))
969,(ROOT (FRAG (UH uh) (INTJ (UH oh)) (. !)))
970,(ROOT (NP (# #)))
971,(ROOT (NP (# #)))
972,(ROOT (NP (# #)))
973,(ROOT (SQ (VP (VB say) (NP (NN doll))) (. ?)))
974,(ROOT (NP (: --)))
975,(ROOT (NP (# #)))
976,(ROOT (NP (# #)))
977,(ROOT (NP (: --)))
978,(ROOT (NP (# #)))
979,(ROOT (S (VP (VBZ is) (ADVP (IN that) (NP (DT a) (NN dolphin)))) (. ?)))
980,(ROOT (NP (NN fish) (. .)))
981,(ROOT (FRAG (PP (IN on) (NP (DT the) (NN tv))) (. .)))
982,(ROOT (FRAG (NP (DT no)) (. .)))
983,(ROOT (NP (NN dolphin) (. .)))
984,(ROOT (NP (# #)))
985,(ROOT (S (VP (VB do) (SBAR (S (NP (NNS dolphins)) (VP (VBP smile)))))))
986,(ROOT (S (NP (PRP I)) (VP (VBP think) (ADVP (RB so) (RB too))) (. .)))
987,(ROOT (S (NP (PRP I)) (VP (VBP mean))))
988,(ROOT (SQ (VP (VB have) (S (NP (PRP you)) (VP (VBN seen) (NP (NP (DT a) (JJ real)) (CC +) (NP (JJ live) (NN dolphin)))))) (. ?)))
989,(ROOT (S (NP (PRP you)) (ADVP (RB actually)) (VP (VBD did)) (. .)))
990,(ROOT (NP (NN yeah) (. .)))
991,(ROOT (FRAG (PP (IN at) (NP (DT a) (NN show))) (. .)))
992,(ROOT (FRAG (PP (IN at) (NP (DT a) (NN water) (NN show))) (. .)))
993,(ROOT (S (NP (PRP you)) (VP (VBD were) (ADJP (RB very) (JJ small))) (. .)))
994,(ROOT (FRAG (ADVP (RB though)) (. .)))
995,(ROOT (S (NP (PRP you)) (VP (VBD saw) (NP (CD one)))))
996,(ROOT (S (VP (NP (INTJ (UH oh)) (NP (RB really)))) (. ?)))
997,(ROOT (FRAG (RB not) (NP-TMP (NN today)) (. .)))
998,(ROOT (NP (: --)))
999,(ROOT (NP (# #)))
1000,(ROOT (S (NP (PRP you)) (VP (VBP know) (SBAR (S (NP (PRP they)) (VP (VBP have) (NP (DT the) (NN dolphin) (NN show)))))) (. ?)))
1001,(ROOT (S (NP (PRP you)) (ADVP (RB only)) (VP (VBD saw) (NP (PRP it)) (PP (IN for) (PP (IN about) (NP (CD five) (NNS minutes))))) (. .)))
1002,(ROOT (NP (# #)))
1003,(ROOT (FRAG (UH uh) (INTJ (UH oh)) (. !)))
1004,(ROOT (NP (NN ok) (. .)))
1005,(ROOT (S (NP (RB here)) (VP (VBZ comes) (NP (DT the) (NN puppet))) (. .)))
1006,(ROOT (NP (# #)))
1007,(ROOT (S (VP (VBZ is) (ADVP (IN that) (NP (DT a) (NN frog)))) (. ?)))
1008,(ROOT (NP (# #)))
1009,(ROOT (NP (: --)))
1010,(ROOT (S (VP (VB look)) (. !)))
1011,(ROOT (S (NP (PRP he)) (VP (VBZ 's) (VP (VBG waving) (NP (NP (NN bye)) (CC +) (NP (NN bye))))) (. !)))
1012,(ROOT (NP (: --)))
1013,(ROOT (NP (NN look)))
1014,(ROOT (S (VP (VB look)) (. !)))
1015,(ROOT (NP (# #)))
1016,(ROOT (NP (# #)))
1017,(ROOT (NP (# #)))
1018,(ROOT (S (NP (PRP you)) (VP (VBP want) (ADJP (JJ daddy) (S (VP (TO to) (VP (VB dress) (NP (PRP you))))))) (. ?)))
1019,(ROOT (NP (NNP Zevy)))
1020,(ROOT (S (NP (PRP you)) (VP (VBP want) (S (NP (PRP me)) (VP (TO to) (VP (VB dress) (NP (PRP you)))))) (. ?)))
1021,(ROOT (S (NP (PRP you)) (VP (VBP want) (S (NP (PRP me)) (VP (TO to) (VP (VB dress) (NP (PRP you)))))) (. ?)))
1022,(ROOT (NP (NN ok) (. .)))
1023,(ROOT (S (NP (PRP it)) (VP (VBZ 's) (NP (NN time) (S (VP (TO to) (VP (VB put) (PRT (RP on)) (NP (DT some) (NNS clothes))))))) (. .)))
1024,(ROOT (S (NP (PRP you)) (VP (VBP 're) (NP (DT a) (NN puppet))) (. .)))
1025,(ROOT (INTJ (UH oh)))
1026,(ROOT (NP (# #)))
1027,(ROOT (SBARQ (WHNP (WP what)) (SQ (VBZ is) (ADJP (IN that))) (. ?)))
1028,(ROOT (NP (# #)))
1029,(ROOT (FRAG (NP (NN baby)) (. ?)))
1030,(ROOT (NP (# #)))
1031,(ROOT (NP (NN baby) (. .)))
1032,(ROOT (NP (# #)))
1033,(ROOT (NP (NN yeah)))
1034,(ROOT (NP (NN shh) (. .)))
1035,(ROOT (NP (NN baby) (. !)))
1036,(ROOT (NP (# #)))
1037,(ROOT (ADVP (RB right)))
1038,(ROOT (SBARQ (WHNP (WP what)) (SQ (VBZ 's) (NP (DT this)))))
1039,(ROOT (NP (NP (NN baby)) (NP (NN doll)) (. .)))
1040,(ROOT (NP (# #)))
1041,(ROOT (ADVP (RB right)))
1042,(ROOT (NP (# #)))
1043,(ROOT (NP (NN yeah) (. .)))
1044,(ROOT (S (NP (DT that)) (VP (VBZ 's) (NP (DT a) (NN baby))) (. .)))
1045,(ROOT (NP (JJ good) (NN girl) (. .)))
1046,(ROOT (NP (# #)))
1047,(ROOT (S (NP (DT all)) (VP (VBN gone)) (. .)))
1048,(ROOT (NP (# #)))
1049,(ROOT (NP (# #)))
1050,(ROOT (NP (# #)))
1051,(ROOT (ADVP (RB right) (. !)))
1052,(ROOT (S (NP (DT that)) (VP (VBZ 's) (NP (NN right)))))
1053,(ROOT (S (VP (VBZ is) (SBAR (IN that) (X (NP (DT the) (CD one)) (SBAR (WHNP (WDT that)) (S (VP (VBZ goes) (ADVP (RB blah)))))))) (. ?)))
1054,(ROOT (NP (: --)))
1055,(ROOT (NP (: --)))
1056,(ROOT (NP (# #)))
1057,(ROOT (NP (: --)))
1058,(ROOT (FRAG (ADVP (RB blah)) (. !)))
1059,(ROOT (NP (# #)))
1060,(ROOT (NP (: --)))
1061,(ROOT (S (VP (VB look)) (. !)))
1062,(ROOT (SQ (VBP are) (NP (PRP they)) (VP (VBG playing) (PP (IN with) (NP (DT the) (NNS fishies)))) (. ?)))
1063,(ROOT (FRAG (CC and) (NP (DT the) (NN cow) (. ?))))
1064,(ROOT (NP (# #)))
1065,(ROOT (NP (: --)))
1066,(ROOT (NP (: --)))
1067,(ROOT (NP (: --)))
1068,(ROOT (NP (# #)))
1069,(ROOT (FRAG (ADVP (RB blah)) (. !)))
1070,(ROOT (SQ (MD can) (NP (PRP you)) (VP (VB do) (NP (DT the) (NN metronome))) (. ?)))
1071,(ROOT (NP (# #)))
1072,(ROOT (NP (# #)))
1073,(ROOT (NP (# #)))
1074,(ROOT (NP (# #)))
1075,(ROOT (NP (# #)))
1076,(ROOT (NP (# #)))
1077,(ROOT (NP (NN ooh) (. !)))
1078,(ROOT (NP (: --)))
1079,(ROOT (S (NP (PRP it)) (VP (VBZ 's) (NP (JJ good) (NN music))) (. !)))
1080,(ROOT (NP (: --)))
1081,(ROOT (NP (: --)))
1082,(ROOT (NP (: --)))
1083,(ROOT (NP (: --)))
1084,(ROOT (NP (NP (NN Buh)) (NP (CC +) (NN bye)) (. !)))
1085,(ROOT (NP (: --)))
1086,(ROOT (NP (: --)))
1087,(ROOT (NP (: --)))
1088,(ROOT (NP (: --)))
1089,(ROOT (NP (: --)))
1090,(ROOT (NP (NNP Anielle)))
1091,(ROOT (S (VP (VB come) (PRT (RP down))) (. .)))
1092,(ROOT (S (VP (VB turn) (PRT (RP around))) (. .)))
1093,(ROOT (FRAG (DT no)))
1094,(ROOT (NP (NNP Anielle)))
1095,(ROOT (S (VP (VB turn) (PRT (RP around))) (. !)))
1096,(ROOT (FRAG (CC and) (S (VP (VB go) (PRT (RP down))))))
1097,(ROOT (S (VP (VB excuse) (S (NP (PRP me)) (NP (NNP Zevy)))) (. !)))
1098,(ROOT (S (VP (VBP do) (RB n't) (VP (VB teach) (S (NP (PRP$ her)) (NP (WDT that))))) (. !)))
1099,(ROOT (S (VP (VP (VB turn) (PRT (RP around))) (CC and) (VP (VB go) (PP (IN on) (NP (PRP$ your) (NN tummy))))) (. .)))
1100,(ROOT (FRAG (PP (IN on) (NP (PRP$ your) (NN tummy))) (. .)))
1101,(ROOT (FRAG (NP (DT no)) (. .)))
1102,(ROOT (S (VP (VB turn) (PRT (RP around))) (. .)))
1103,(ROOT (S (VP (VB go) (PP (IN like) (NP (DT this)))) (. .)))
1104,(ROOT (FRAG (ADVP (RB down) (PP (IN like) (NP (DT that)))) (. .)))
1105,(ROOT (NP (# #)))
1106,(ROOT (FRAG (NP (DT no)) (. !)))
1107,(ROOT (S (VP (VB go) (ADVP (RB around))) (. !)))
1108,(ROOT (FRAG (ADVP (RB down) (PP (IN like) (NP (DT that)))) (. .)))
1109,(ROOT (S (NP (PRP you)) (VP (MD can) (VP (VB do) (ADVP (RB down)))) (: --)))
1110,(ROOT (S (NP (DT that)) (VP (VBZ 's) (SBAR (WHADVP (WRB how)) (S (NP (PRP you)) (VP (VBP go) (ADVP (RB down)))))) (. .)))
1111,(ROOT (FRAG (NP (NNP Anielle)) (. ?)))
1112,(ROOT (S (VP (VB turn) (PRT (RP around)) (S (VP (TO to) (VP (VB go) (ADVP (RB down)))))) (. .)))
1113,(ROOT (NP (NNP Zevy)))
1114,(ROOT (FRAG (ADVP (RB hey)) (NP (NNP Zevy)) (. .)))
1115,(ROOT (S (NP (PRP it)) (VP (VBZ is) (RB n't) (ADJP (JJ safe)) (SBAR (IN for) (S (NP (PRP her)) (VP (TO to) (VP (VB go) (PRT (RP down)) (NP (DT that) (NN way))))))) (. .)))
1116,(ROOT (FRAG (NP (NNP Zevy)) (. ?)))
1117,(ROOT (S (NP (PRP you)) (VP (VBP want) (S (VP (TO to) (VP (VB go) (PP (TO to) (NP (NP (DT the) (NN bath)) (CC +) (NP (NN room))))))))))
1118,(ROOT (S (NP (PRP you)) (VP (VBP want) (S (VP (TO to) (VP (VB go) (PP (TO to) (NP (NP (DT the) (NN bath)) (CC +) (NP (NN room))))))))))
1119,(ROOT (FRAG (NP (NNP Sam)) (. ?)))
1120,(ROOT (FRAG (SBAR (WHNP (WP$ whose) (NNS sandals)) (S (VP (VBP are) (NP (DT these))))) (. ?)))
1121,(ROOT (S (VP (VB please) (VP (VB take) (NP (PRP$ your) (NNS shoes)) (ADVP (RB away)))) (. .)))
1122,(ROOT (S (CC and) (NP (PRP$ your) (JJ other) (NNS shoes)) (VP (VBP are) (ADVP (RB here))) (. ?)))
1123,(ROOT (S (NP (PRP you)) (VP (MD ca) (RB n't) (VP (VB leave) (S (NP (PRP them)) (VP (VBG laying) (ADVP (RB around)))))) (. .)))
1124,(ROOT (S (NP (EX there)) (VP (VBZ 's) (ADVP (RB too) (NP (JJ many) (NNS shoes))) (VP (VBG laying) (ADVP (RB around)))) (. .)))
1125,(ROOT (NP (: --)))
1126,(ROOT (NP (: --)))
1127,(ROOT (NP (: --)))
1128,(ROOT (S (VP (VBN come) (PP (IN on))) (. .)))
1129,(ROOT (S (VP (VB let) (S (NP (POS 's)) (VP (VB go) (ADVP (RB away)) (PP (IN from) (NP (DT the) (NNS stairs)))))) (. .)))
1130,(ROOT (S (NP (PRP I)) (VP (VBP do) (RB n't) (VP (VB like) (NP (DT that)))) (. .)))
1131,(ROOT (SBAR (IN if) (S (NP (PRP you)) (VP (VBP 're) (RB not) (VP (VBG going) (S (VP (TO to) (VP (VB go) (PRT (RP down)) (NP (DT the) (JJ proper) (NN way))))))))))
1132,(ROOT (S (NP (RB then) (PRP you)) (VP (VBP are) (RB not) (VP (VBG going) (S (VP (TO to) (VP (VB go) (PRT (RP down)) (NP (PRP them)))))))))
1133,(ROOT (S (VP (VBP are) (NP (DT those) (NNS animals))) (. ?)))
1134,(ROOT (NP (: --)))
1135,(ROOT (NP (: --)))
1136,(ROOT (SBARQ (WHADVP (WRB where)) (SQ (VBP are) (NP (PRP you)) (VP (VBG going))) (. ?)))
1137,(ROOT (FRAG (NP (NNP Anielle)) (. ?)))
1138,(ROOT (FRAG (NP (NN hmm)) (. ?)))
1139,(ROOT (S (NP (EX there)) (VP (VBZ 's) (ADJP (RB too) (JJ much)) (S (VP (VBG going) (PP (IN on) (ADVP (RB down) (RB here)))))) (. .)))
1140,(ROOT (NP (# #)))
1141,(ROOT (S (ADVP (RB here)) (NP (PRP you)) (VP (VBP go)) (. .)))
1142,(ROOT (NP (NNP Zevy)))
1143,(ROOT (S (NP (PRP you)) (VP (MD can) (RB not) (VP (VB go) (ADVP (JJ outside)) (PP (IN in) (NP (PRP$ your) (NNS pajamas))))) (. !)))
1144,(ROOT (S (NP (PRP I)) (VP (MD 'll) (VP (VB get) (S (NP (PRP you)) (VP (VBN dressed) (PP (IN in) (NP (CD one) (NN minute))))))) (. .)))
1145,(ROOT (S (VP (VBN come) (PP (IN in) (NP (DT the) (NN den)))) (. .)))
1146,(ROOT (FRAG (UH uh) (INTJ (UH oh)) (. .)))
1147,(ROOT (FRAG (NP (NNP Zevy)) (. !)))
1148,(ROOT (S (NP (PRP you)) (VP (MD will) (RB not) (VP (VB be) (VP (VBN allowed) (S (VP (TO to) (VP (VB go) (PRT (RP out)) (PP (IN in) (NP (PRP$ your) (NNS pajamas))))))))) (. .)))
1149,(ROOT (FRAG (NP (DT no)) (. !)))
1150,(ROOT (FRAG (NP (DT no)) (. !)))
1151,(ROOT (S (NP (PRP I)) (VP (MD will) (VP (VB get) (S (NP (PRP you)) (VP (VBN dressed))))) (. .)))
1152,(ROOT (S (NP (PRP it)) (VP (MD will) (VP (VB take) (NP (PRP me)) (NP (CD one) (NN minute)))) (. !)))
1153,(ROOT (S (VP (VBP do) (RB n't) (VP (VB put) (NP (NP (DT that)) (PP (IN on) (NP (PRP$ your) (NN head)))))) (. .)))
1154,(ROOT (NP (NNP Zevy)))
1155,(ROOT (S (NP (EX there)) (VP (VBZ 's) (NP (NP (DT no) (NN point)) (PP (IN in) (S (NP (PRP you)) (VP (VBG going)))))) (. .)))
1156,(ROOT (S (VP (VB excuse) (NP (PRP me))) (. .)))
1157,(ROOT (S (NP (PRP you)) (VP (MD may) (RB not) (VP (VB go) (PRT (RP out)))) (. !)))
1158,(ROOT (S (S (VP (VB go) (PP (IN in) (NP (DT the) (NN den))))) (CC and) (S (NP (PRP it)) (VP (MD will) (VP (VB take) (NP (PRP me)) (NP-TMP (CD one) (NN minute)) (S (VP (TO to) (VP (VB get) (S (NP (PRP you)) (VP (VBN dressed))))))))) (. .)))
1159,(ROOT (ADJP (JJ clean) (PRT (RP up))))
1160,(ROOT (S (NP (NN everybody)) (VP (VB do) (NP (PRP$ your) (NN share))) (. !)))
1161,(ROOT (ADJP (JJ clean) (PRT (RP up))))
1162,(ROOT (NP (NNP Zevy)))
1163,(ROOT (FRAG (NP (CD one))))
1164,(ROOT (NP (: --)))
1165,(ROOT (NP (: --)))
1166,(ROOT (NP (: --)))
1167,(ROOT (ADVP (RB here)))
1168,(ROOT (FRAG (NP (DT both) (NNS feet))))
1169,(ROOT (NP (# #)))
1170,(ROOT (NP (# #)))
1171,(ROOT (FRAG (NP (NNP Anielle)) (. ?)))
1172,(ROOT (SQ (VP (VB do) (SBAR (S (NP (PRP you)) (VP (VBP want) (S (VP (TO to) (VP (VB go) (PRT (RP out))))))))) (. ?)))
1173,(ROOT (S (NP (PRP it)) (VP (VBZ 's) (ADJP (JJ such) (NP (DT a) (RB pretty))) (NP-TMP (NN day))) (. .)))
1174,(ROOT (SQ (VP (VB do) (SBAR (S (NP (PRP you)) (VP (VBP want) (S (VP (TO to) (VP (VB go) (ADVP (IN outside) (PP (IN for) (NP-TMP (DT a) (JJ few) (NNS minutes))))))))))) (. ?)))
1175,(ROOT (S (VP (VBN come) (S (VP (TO to) (VP (VB mama))))) (. !)))
1176,(ROOT (FRAG (NP (RB yes))))
1177,(ROOT (NP (: --)))
1178,(ROOT (NP (: --)))
1179,(ROOT (NP (: --)))
1180,(ROOT (NP (# #)))
1181,(ROOT (S (NP (NN mama)) (VP (VB bump) (NP (PRP$ her) (NN nosie))) (. .)))
1182,(ROOT (NP (# #)))
1183,(ROOT (INTJ (UH oh)))
1184,(ROOT (NP (RB not) (DT a) (NN doggie) (. .)))
1185,(ROOT (S (VP (VB say) (NP (NN squirrel))) (. .)))
1186,(ROOT (SQ (MD can) (NP (PRP you)) (VP (VB say) (NP (NN squirrel))) (. ?)))
1187,(ROOT (NP (# #)))
1188,(ROOT (NP (NN squirrel)))
1189,(ROOT (NP (NN squirrel) (. .)))
1190,(ROOT (NP (: --)))
1191,(ROOT (NP (: --)))
1192,(ROOT (NP (: --)))
1193,(ROOT (NP (NP (NN stay)) (PP (IN by) (NP (NN mama))) (. .)))
1194,(ROOT (NP (# #)))
1195,(ROOT (FRAG (DT no)))
1196,(ROOT (S (NP (DT that)) (VP (VBZ 's) (ADJP (JJ hot))) (. .)))
1197,(ROOT (ADJP (JJ hot)))
1198,(ROOT (NP (# #)))
1199,(ROOT (FRAG (ADJP (JJ hot)) (. .)))
1200,(ROOT (NP (NN squirrel) (. .)))
1201,(ROOT (SBARQ (WHNP (WP what)) (SQ (NP (PRP you)) (VP (VBD got) (S (NP (EX there))))) (. ?)))
1202,(ROOT (S (VP (VB stand) (PRT (RP up)) (NP (RB now))) (. .)))
1203,(ROOT (S (VP (VB stand))))
1204,(ROOT (NP (# #)))
1205,(ROOT (S (VP (VBP do) (RB n't) (VP (VB go) (NP (NP (NN bye)) (CC +) (NP (NN bye))))) (. .)))
1206,(ROOT (NP (NP (NN stay)) (PP (IN by) (NP (NN mama))) (. .)))
1207,(ROOT (S (NP (PRP you) (NNS guys)) (VP (VB stay) (PP (IN in) (NP (NP (NN front)) (PP (IN of) (NP (DT the) (NN house)))))) (. .)))
1208,(ROOT (S (IN so) (NP (PRP I)) (VP (MD can) (VP (VB see) (NP (PRP you)))) (. .)))
1209,(ROOT (NP (NN ok)))
1210,(ROOT (NP (# #)))
1211,(ROOT (NP (# #)))
1212,(ROOT (SQ (VBP are) (NP (PRP you)) (VP (VBG watching) (NP (NNP Sam))) (. ?)))
1213,(ROOT (NP (NN god)))
1214,(ROOT (S (VP (VB say) (NP (NNP Sam))) (. .)))
1215,(ROOT (NP (NNP Sam)))
1216,(ROOT (NP (# #)))
1217,(ROOT (FRAG (DT no)))
1218,(ROOT (FRAG (ADJP (JJ hot)) (. .)))
1219,(ROOT (NP (# #)))
1220,(ROOT (S (VP (VBP do) (RB n't) (VP (VB get) (PP (IN near) (NP (PRP it))))) (. .)))
1221,(ROOT (S (NP (PRP you)) (VP (MD can) (RB not) (VP (VB get) (PP (IN near) (NP (DT this))))) (. .)))
1222,(ROOT (S (VP (VB say) (ADJP (JJ hot))) (. .)))
1223,(ROOT (NP (# #)))
1224,(ROOT (NP (NN yeah)))
1225,(ROOT (FRAG (ADJP (JJ hot)) (. .)))
1226,(ROOT (SQ (MD can) (NP (PRP you)) (VP (VB say) (NP (JJ good) (NN girl))) (. ?)))
1227,(ROOT (NP (JJ good) (NN girl) (. !)))
1228,(ROOT (NP (# #)))
1229,(ROOT (FRAG (ADJP (JJ good)) (. .)))
1230,(ROOT (NP (JJ good) (NN girl) (. .)))
1231,(ROOT (S (VP (VB call) (NP (NNP Zevy))) (. .)))
1232,(ROOT (S (VP (VB tell) (S (NP (NNP Zevy)) (VP (TO to) (VP (VB come) (S (NP (NN home)) (NP (CC +))))))) (. .)))
1233,(ROOT (NP (# #)))
1234,(ROOT (FRAG (NP (NNP Zevy)) (. !)))
1235,(ROOT (S (VP (VB say) (NP (NNP Zevy))) (. .)))
1236,(ROOT (FRAG (NP (NNP Sam)) (. ?)))
1237,(ROOT (FRAG (SBAR (IN that) (S (NP (NN helmet)) (VP (VBZ is) (ADJP (RB so) (JJ loose)) (SBAR (IN that) (IN if) (S (NP (PRP you)) (VP (VBD fell) (SBAR (S (NP (PRP it)) (VP (MD would) (VP (VB do) (NP (NN nothing)) (S (VP (TO to) (VP (VB protect) (NP (PRP you))))))))))))))) (. .)))
1238,(ROOT (S (NP (DT the) (JJ whole) (NN point)) (VP (VBZ is) (SBAR (IN that) (S (NP (PRP it)) (VP (VBZ is) (VP (VBN supposed) (S (VP (TO to) (VP (VB be) (ADJP (JJ snug) (PP (IN on) (NP (PRP$ your) (NN head)))))))))))) (. .)))
1239,(ROOT (S (IN so) (NP (PRP it)) (VP (MD can) (VP (VB protect) (NP (PRP$ your) (NN head)))) (. .)))
1240,(ROOT (S (NP (PRP I)) (VP (MD can) (VP (VB do) (NP (DT that)))) (. .)))
1241,(ROOT (FRAG (WHNP (WDT what)) (. ?)))
1242,(ROOT (NP (# #)))
1243,(ROOT (FRAG (NP (NNP Anielle)) (. !)))
1244,(ROOT (S (VP (VB wait) (NP (CD one) (NN minute)))))
1245,(ROOT (FRAG (NP (CD one) (NN minute)) (. !)))
1246,(ROOT (NP (NNP Anielle)))
1247,(ROOT (NP (NN sweetie) (. .)))
